fp1,fp2
399.52,405.08
399.42,404.95
398.92,405.33
399.03,405.5
397.97,405.83
397.83,405.61
398.03,405.61
397.03,405.88
397.15,405.88
396.63,405.58
395.99,406.05
395.61,405.78
395.16,405.42
394.97,405.39
394.6,405.66
394.4,405.23
394.17,405.42
393.8,405.31
393.23,405.47
393.46,405.53
392.64,405.09
392.56,405.28
392.72,405.44
392.87,405.33
392.24,405
391.91,405.03
392.1,405.41
391.42,405.22
391.64,404.81
391.28,404.72
391.16,405.11
391.31,404.92
390.97,404.78
390.38,404.51
390.66,404.7
390.45,404.78
389.92,404.37
390.09,404.09
389.43,403.93
389.34,404.15
389.65,404.13
389.19,404.15
389.06,404.29
388.81,403.74
388.05,404.68
388.22,404.35
387.77,404.38
387.89,404.68
387.06,405.02
387.15,404.77
386.11,404.85
386.12,405.13
385.63,405.13
385.19,405.6
385.3,405.71
384.45,405.74
383.9,405.25
383.44,405.77
383.45,406.27
382.78,405.89
382.66,406.58
382.07,406.6
381.68,406.19
381.53,406.49
381.23,406.52
380.71,406.41
379.72,406.69
379.81,407.05
379.08,407.24
378.81,406.97
378.01,407.19
377.9,407.39
377.83,407.55
377.04,408.22
377.15,408.08
376.7,407.53
376.21,408.39
376.22,408.42
375.24,408.33
375.54,408.03
374.96,408.67
374.66,408.84
374.75,409.06
374.7,409.39
374.33,409.67
373.67,409.72
373.74,409.53
374,409.53
373.82,410.17
373.07,409.97
372.89,410.55
372.31,410.72
372.92,410.89
372.55,410.91
372.63,411.33
372.5,411.38
372.2,411.6
372.26,411.85
372.22,411.63
371.79,412.38
371.64,412.51
371.38,412.57
371.48,412.73
371.49,412.76
371.23,413.26
371.12,413.09
371.06,413.34
371.44,413.64
371.16,413.89
371.25,414.6
370.91,414.39
370.68,414.69
370.36,414.85
370.55,414.85
371.11,414.93
370.42,415.13
370.71,415.46
370.39,415.76
370.1,416.09
370.44,416.5
370.07,416.42
370.04,416.11
370.04,417.07
369.41,416.88
369.69,416.85
369.35,417.1
369.19,417.62
369.66,417.65
369.2,417.81
369.16,417.98
368.57,418.44
368.95,418.55
368.65,419.04
368.09,418.85
368.47,419.64
368.05,419.97
368.06,419.7
367.29,419.94
367.91,420.46
367.67,420.66
367.45,420.85
366.75,420.71
366.83,420.43
366.62,420.95
366.78,420.95
366.36,421.45
366.17,421.31
365.9,421.88
366.16,422.16
366.02,421.77
365.86,421.99
365.77,422.32
365.24,422.15
365.49,422.7
364.64,422.65
364.34,423.11
364.26,423.14
364.17,423.19
364.34,423.41
364.21,423.46
363.91,424.34
364.7,424.45
364.28,424.2
363.88,424.34
364.07,424.56
363.79,424.67
363.53,424.86
363.78,424.89
362.93,424.42
363.44,424.77
362.93,424.55
363.26,424.83
362.75,424.69
363.2,425.43
362.82,425.07
362.74,424.96
362.53,425.32
362.55,424.94
362.28,425.21
362.31,424.99
362.4,425.13
362.25,425.71
362.06,425.4
361.97,425.65
361.49,425.49
362.05,425.35
361.72,425.93
361.37,426.04
361.48,425.85
361.34,425.99
360.97,426.59
361,426.62
360.82,426.65
360.34,427.06
360.67,426.82
360.17,427.06
359.75,427.48
359.7,427.26
359.21,427.67
359.47,427.39
359.13,427.62
358.89,427.64
358.36,427.64
358.67,427.95
358.3,427.81
357.77,427.5
357.6,427.78
357.94,427.81
357.25,428.08
357.07,428.47
356.85,428.08
356.96,428.14
356.65,428.03
356.68,428.74
356.14,428.25
355.73,428.27
356.31,428.6
355.99,428.08
355.47,427.8
355.55,428.35
355.51,428.55
355.59,428.35
355.04,428.84
355.01,427.99
354.68,428.48
354.61,428.29
354.33,428.13
354.85,428.81
354.46,428.73
354,429
354.49,428.86
354.86,428.7
354.86,429.33
354.58,429.16
354.76,428.83
354.44,429.08
354.34,428.94
354.42,428.94
354.4,428.83
354.37,428.5
354.64,428.88
354.61,429.29
353.86,429.18
354.39,429.26
354.22,428.88
354.22,429.34
354.23,429.37
354.3,429.04
354.29,429.2
354.13,429.17
354.34,429.15
354.43,429.06
354.03,429.15
354.33,429.28
353.85,429.39
354.2,429.39
354.33,429.66
354.22,429.19
354.14,429.66
354.15,429.44
353.92,429.69
353.94,429.24
354.17,429.44
355.03,429.9
354.28,429.98
354.44,429.93
354.34,429.87
354.75,429.73
354.61,429.81
354.42,430.14
354.8,430.25
354.74,429.94
354.51,430.08
354.67,430.41
355.46,430.57
354.62,429.86
354.75,430.52
354.83,430.32
355.1,430.59
355.18,431.03
355.45,430.67
356.05,430.34
355.45,430.56
355.82,430.81
355.33,430.94
355.95,430.78
355.42,430.97
355.77,431.63
356.06,431.07
355.97,430.94
356.16,431.24
356.18,431.4
356.46,431.95
356.68,431.81
356.69,432.17
356.88,432.14
356.86,432
356.67,431.59
357.1,432.33
356.54,432.02
356.91,431.91
357.3,432.54
357.45,432.4
357.44,432.18
357.35,431.71
357.66,431.99
357.6,432.43
357.59,432.04
356.87,432.23
357.28,432.48
357.54,432.21
357.38,432.34
357.34,432.31
357.46,432.48
357.56,432.89
357.3,432.51
357.41,432.64
356.8,432.84
356.51,432.37
356.53,432.73
356.76,432.87
357.16,433.25
356.57,432.7
356.6,433.28
356.33,433.14
356.28,433.28
356.11,433.91
355.71,433.85
356.47,433.77
356.25,434.16
355.83,434.49
355.38,434.54
355.73,434.65
355.75,435.09
355.66,434.73
355.6,434.87
355.6,435.09
355.8,435.53
355.64,435.06
355.52,435.53
355.01,435.12
355.56,435.31
355.79,435.91
355.49,435.53
355.83,435.91
355.44,435.67
355.69,435.58
356.04,436.05
355.88,435.64
356.25,435.86
355.83,435.66
355.62,436.27
356.18,436.29
355.94,436.08
355.95,435.83
356.29,436.4
355.99,436.49
356.75,436.27
356.18,436.59
356.33,436.37
356.73,436.21
357.04,436.01
356.6,436.29
356.75,436.4
357.18,436.29
356.7,436.12
356.61,436.18
356.93,436.34
357.24,436.34
357.09,436.15
357.36,435.93
357.15,435.93
357.91,435.43
357.55,435.62
357.44,435.32
357.99,435.21
358.3,435.46
358.11,435.35
358.14,435.4
358.37,435.21
358.29,435.01
358.05,434.85
359,434.63
358.53,434.49
359.24,434.62
359.01,434.21
359.67,434.37
359.46,434.18
359.64,434.04
359.98,433.79
359.65,433.68
360.41,433.68
360.15,433.38
360.22,433.87
360.23,433.4
360.28,433.07
360.39,433.01
360.46,432.96
360.16,432.87
360.14,432.43
360.39,432.37
360.42,433.31
360.56,432.37
360.22,432.01
360.69,432.07
361.07,432.42
361.18,432.17
360.82,432.09
360.65,431.76
360.6,432.53
361.29,432.08
361.08,431.67
361.32,431.72
360.77,431.42
361.28,431.56
361.45,431.99
361.18,431.47
361.32,431.74
360.96,431.36
361.28,431.24
361.55,430.94
361.1,430.94
361.03,430.83
361.45,430.52
360.99,429.97
361.51,430.52
361.24,429.91
361.64,429.83
361.74,430.3
362.23,430.05
362.38,430.54
362.36,430.37
362.6,429.79
362.32,430.18
362.82,429.29
363.29,429.54
362.94,429.73
363.53,430
364.08,429.76
364.2,429.92
364.23,429.23
364.07,429.12
364.18,429.39
364.59,429.19
365.14,429.36
364.77,429.3
365.17,428.97
365.52,428.77
365.52,429.18
365.72,428.82
365.78,428.49
366.15,428.57
366.36,428.79
366.48,428.26
366.51,428.29
367.05,428.26
367.52,428.26
367.16,428.01
366.58,427.9
366.84,428.36
367.49,427.95
367.66,427.97
367.4,427.97
367.82,427.39
367.85,427.17
367.56,427.22
368.12,427.44
368.55,427.17
367.94,426.91
368.45,426.86
367.82,426.72
368.02,426.91
368.34,426.71
368.57,425.83
368.12,426.16
368.52,426.3
368.7,425.72
368.4,425.88
368.97,425.08
369.17,425.11
369.08,425.44
368.75,425.13
368.96,425.08
369.17,424.63
368.78,424.52
368.43,424.52
368.74,424.11
368.14,424.13
368.83,423.97
368.94,423.96
368.34,423.77
368.51,423.36
368.24,423.49
368.77,423.02
368.39,423.05
368.38,422.91
368.8,423.02
368.4,422.68
368.77,422.21
369.08,422.63
368.63,422.46
368.73,422.43
368.82,421.82
368.07,421.74
368.56,421.79
368.2,421.63
368.27,421.51
368.63,421.49
368.82,421.26
368.72,421.34
368.6,420.98
368.9,421.18
368.77,420.93
369.34,420.68
369.41,420.68
369.49,420.34
369.98,420.81
370.41,420.37
370.62,420.45
370.76,420.86
371.09,421.19
371.91,420.47
371.89,420.88
371.81,420.25
371.91,420.69
371.68,420.66
372.04,420.66
372.13,420.52
372.09,420.57
372.29,420.76
372.52,420.13
373.17,420.56
373.26,420.18
373.45,420.48
373.54,420.7
373.75,420.25
374.33,420.03
374.26,419.89
374.28,419.5
374.54,420
374.57,419.77
374.6,419.85
374.97,419.99
374.83,419.68
374.89,419.68
375.22,419.43
375.43,419.24
375.75,419.45
375.43,419.15
375.54,419.28
375.09,418.78
375.4,418.51
375.69,418.92
375.64,418.78
375.21,418.28
375.24,418.22
375.24,418.19
375.62,417.94
375.26,417.64
375.46,417.72
375.22,417.69
374.94,417.27
374.84,417.05
375.03,417.13
374.98,416.77
374.2,416.52
374.74,416.35
374.17,416.85
374.6,416.07
374.33,415.96
374.24,415.6
373.92,415.49
373.99,415.54
373.45,415.38
373.91,415.13
373.36,415.07
373.77,414.65
373.01,414.79
373.05,414.19
373.29,414.62
373.32,414.4
373.58,414.46
373.52,414.65
373.8,414.48
373.23,414.53
373.42,414.23
373.65,414.64
373.39,414.09
373.46,414.36
373.76,414.36
373.74,414.3
373.91,414.85
373.83,414.02
374.08,413.91
373.97,414.43
373.77,414.1
373.84,414.54
373.86,414.59
373.81,414.78
373.63,414.4
374.07,414.01
373.92,414.5
374.04,414.64
374.21,414.61
374.11,414.64
374.26,414.36
374.52,414.08
374.03,414.63
373.91,414.24
373.8,414.3
373.89,414.1
373.66,413.91
373.68,413.82
373.43,413.87
373.81,413.9
373.65,413.62
373.35,413.95
374,414.09
373.18,413.4
373.36,413.29
373.69,413.59
373.39,413.34
373.38,413.15
373.2,413.7
373.32,413.25
373.59,413.36
373.47,413
373.59,412.78
373.86,413.25
373.55,412.72
373.55,412.7
373.48,412.94
373.76,412.94
373.71,412.69
373.62,412.86
373.96,412.99
373.87,412.74
374.01,412.77
373.74,412.47
374.31,412.63
374,412.79
373.38,412.6
374.01,412.24
374.06,412.41
374.32,412.79
373.82,412.35
373.85,412.54
373.85,412.48
374.11,412.54
374.53,412.31
373.88,412.51
374.14,412.15
374.22,412.34
374.06,412.17
374.6,411.87
374.63,412.55
375.08,412.39
375.14,412.25
375.2,412.93
375.03,413.07
375.26,412.57
375.05,413.01
374.92,412.87
375.04,413.07
375.39,412.73
375.04,413.53
375.5,413.31
375.33,412.81
374.94,413.19
375.18,412.84
374.92,412.73
374.72,413.05
375,413.27
374.91,412.77
374.84,412.55
374.68,413.02
375.22,413.29
375.05,413.13
374.66,413.23
374.82,413.67
374.94,413.31
374.78,413.48
374.66,413.34
374.24,412.9
374.68,413.06
374.76,413.17
374.66,412.7
374.67,412.83
374.59,413.33
374.37,413.08
373.96,413
374.38,412.8
374.25,413.49
374.16,412.63
374.53,413.07
374.4,412.8
374.08,412.85
373.76,412.49
373.33,413.18
373.41,412.79
374.18,413.04
373.48,412.68
373.6,413.01
373.26,413.03
373.2,412.67
373.34,412.31
373.06,412.42
372.62,413.19
372.97,412.86
372.82,412.89
372.95,412.25
373.35,412.58
372.79,412.96
373.02,412.8
372.5,412.33
372.76,411.94
372.6,412.33
372.77,412.49
372.68,412.79
372.78,412.1
372.57,412.3
372.58,411.77
372.66,411.94
372.36,411.71
372.29,412.02
372.03,412.07
372.57,411.71
372.53,412.07
372.76,411.38
372.56,411.63
372.39,412.12
372.48,412.09
372.41,412.18
372.3,412.34
372.34,412.53
371.77,411.92
372.54,412.12
372.35,412.23
372.18,412.45
371.98,412.5
372.06,412.39
371.95,412.94
372.18,412.55
371.64,412.77
371.85,412.88
371.5,412.94
371.53,413.21
371.58,413.35
371.35,413.46
371.36,413.43
371.49,414.06
371.2,413.81
371.42,413.79
371.37,413.73
371.32,413.89
371.24,414.67
371.03,414.58
371.19,414.09
371.16,414.8
370.99,414.99
371.11,415.35
370.76,414.91
371.18,415.6
371.06,415.57
371.26,415.82
370.93,416.12
371.07,415.84
371.47,416.2
371.24,415.95
371.32,416.67
371.23,416.39
371.31,416.5
371.51,416.5
371.5,416.25
371.24,416.72
371.24,416.36
371.04,416.55
371.46,416.61
371.38,417.24
371.81,416.61
371.26,416.42
371.67,416.66
371.37,416.63
371.54,417.1
371.18,416.63
371.72,416.66
371.57,416.74
371.64,416.77
371.44,416.55
371.81,416.72
371.69,416.69
371.31,416.8
371.35,416.49
371.21,417.1
371.66,416.49
371.84,417.23
371.28,416.55
371.19,416.91
370.99,416.63
371.09,417.12
371.05,416.57
371.04,416.93
371.36,417.04
371.37,416.88
371.03,417.02
370.82,417.15
370.72,417.21
371.05,417.12
371.04,417.21
371.1,417.59
371.04,417.21
371.63,417.51
371.57,417.23
371.41,417.92
371.71,418.34
371.39,417.95
371.99,417.79
372.3,418.2
372.51,418.48
372.87,418.15
373.17,418.31
373.21,418.81
373.35,419.05
373.82,419.17
374.2,419.39
374.22,418.97
374.34,419.63
374.67,419.39
375.31,419.11
375.13,419.58
375.02,419.8
375.53,420.3
375.98,419.96
376.04,419.83
376.34,419.88
376.15,419.86
376.9,419.99
376.66,419.44
376.43,419.8
376.43,419.58
376.48,419.72
376.76,419.86
377.02,419.75
377.06,420.16
376.97,419.2
377.24,419.75
377.17,419.39
377.07,419.44
377.18,419.17
377.23,419.28
377.04,419.14
377.12,419.06
377.17,418.7
377.5,419.01
377.09,418.37
376.82,417.96
377.13,418.15
377.4,417.79
376.91,417.8
376.62,417.55
376.69,417.5
376.66,417.5
376.82,416.73
376.92,416.81
377.03,416.76
376.94,416.87
376.52,416.67
376.64,416.15
376.25,416.1
376.35,415.96
376.13,415.57
376.57,415.69
376.44,415.74
376.12,414.56
376.47,414.81
376.1,414.78
376.19,414.51
375.68,414.81
376.07,414.51
375.82,414.21
375.85,414.18
376.34,413.82
375.79,413.94
376.2,413.74
376.33,413.39
376.11,413.55
376.01,413.47
376.37,413.11
376.07,413.12
376.78,413.23
376.77,413.42
376.47,413.34
376.83,413.37
376.69,412.74
376.66,413.45
377.26,413.51
377.11,413.57
377.54,413.57
377.11,413.02
377.3,413.18
377.75,413.68
377.58,413.57
377.67,413.41
377.72,413.46
378.31,412.94
378.57,413.41
378.32,413.36
378.47,413.22
378.28,413.03
378.2,412.92
378.41,412.92
378.76,413.09
378.91,412.73
378.88,413.06
378.83,413.06
379.13,412.49
378.71,412.79
379.55,412.46
378.79,412.52
379.43,412.55
379.37,412.88
379.27,412.39
379.72,412.14
379.94,411.95
379.55,412.08
380.31,412.11
380.29,412.09
380.78,411.76
380.66,411.87
381.01,411.65
381.06,411.84
381.54,411.46
381.1,411.49
381.66,410.64
381.66,411.24
381.89,410.97
381.9,410.94
381.69,410.53
381.63,410.53
381.66,411.06
382.04,410.07
382.27,410.37
382.12,410.1
382.3,409.55
382.98,409.58
382.88,409.11
382.99,409.64
383.34,409.72
383.57,409.04
383.8,409.48
384.01,409.45
384.08,409.01
384.16,408.99
383.93,409.24
384.54,409.16
384.24,408.88
384.39,408.64
384.68,408.67
385.03,408.2
385.3,408.45
385.43,408.26
384.88,408.04
385.36,408.24
385.28,407.66
385.1,408.1
385.21,407.66
385.04,407.72
385.21,407.61
385.21,407.67
385.17,407.87
384.87,407.4
384.97,407.1
384.88,407.07
384.6,407.57
384.87,407.44
385.09,406.83
384.51,406.7
384.65,406.34
384.65,406.46
384.98,406.46
384.69,406.43
384.55,406.3
384,406.19
384.11,405.97
383.9,405.81
383.97,405.76
383.72,405.62
383.55,405.32
384.08,405.1
383.82,405
383.39,405.3
383.46,405.25
383.29,405.09
383.55,405.67
383.19,405.67
383.26,405.2
383.31,405.23
383.55,405.92
383.42,405.18
382.86,405.6
383.13,405.85
382.99,405.19
383.37,405.74
383.04,406.35
383.12,406.1
383.3,406.79
383.23,406.71
383,407.35
382.75,407.79
383.16,407.08
383.44,407.63
382.98,407.8
382.94,408.51
383.16,408.6
382.94,408.93
383.16,409.04
383.35,409.59
383.36,409.87
383.46,409.76
383.15,410.61
383.21,410.29
383.05,410.4
383.33,410.92
383.22,411.61
383.92,411.25
383.36,411.78
383.33,412.19
383.81,412.03
383.32,412.14
383.34,412.96
383.47,412.77
383.38,412.91
383.36,412.96
383.42,413.71
383.9,413.43
383.79,413.77
383.08,413.9
383.31,413.35
383.13,414.1
383.3,413.93
383.71,414.65
383.27,414.26
382.86,414.48
383.22,414.32
383.32,414.65
383.53,414.15
383.13,414.4
382.81,414.26
383.02,414.37
383.42,414.12
383.07,414.12
382.67,414.01
382.64,413.9
382.35,413.98
382.62,413.63
382.48,413.38
382.7,412.72
382.52,413.02
382.51,412.93
382.39,412.74
382.18,412.49
382.27,412.58
382.25,412.58
382.06,412.41
381.92,411.97
382.06,412.08
381.92,411.47
381.98,411.3
381.43,412.1
381.64,410.92
381.42,410.78
381.38,411.3
381.4,410.97
381.3,410.53
381.33,410.64
381.23,410.56
381.4,410.36
381.18,409.95
381.24,409.73
380.99,409.67
381.47,409.56
381.52,409.23
381.5,409.23
381.57,409.04
381.61,409.34
381.49,409.23
381.84,408.92
381.67,408.57
381.51,408.82
382.06,408.51
382.19,408.54
382.38,408.48
382.44,408.21
382.47,407.82
382.21,407.79
382.38,407.98
382.13,407.79
382.73,407.18
383,407.3
383.14,406.97
383.08,407.1
383.27,407.05
383.24,407.15
383.14,407.24
382.73,406.74
383.19,407.38
383.25,406.77
382.98,407.1
382.95,407.04
383.16,407.21
382.73,407.21
383.25,407.21
383.19,406.49
383.21,407.21
383.16,406.9
383.37,406.65
383.25,406.98
383.1,407.37
382.97,407.07
382.97,407.31
383.05,407.37
383.26,407.48
383.09,407.72
383.02,407.83
383.16,407.89
383.64,408.11
383.12,408.3
382.73,408.58
382.5,408.88
383.23,408.55
383.14,409.02
383.59,409.04
383.42,408.79
383.67,409.45
383.15,408.71
383.35,409.87
383.04,409.59
382.69,409.5
382.96,410.11
382.73,410.11
382.68,409.97
382.33,410.05
382.73,410
382.25,409.92
382.22,410.35
382.11,410.46
382.29,410.38
382.55,410.71
382.27,409.8
382.05,410.35
382.47,410.93
382.11,410.35
381.64,410.24
381.61,410.54
381.99,410.21
381.82,410.1
381.53,410.68
381.63,410.27
381.44,410.13
381.35,410.29
381.34,410.32
381.07,410.4
381.29,410.48
381.2,410.73
380.85,410.07
380.82,410.26
380.91,410.67
380.63,410.26
381.14,410.45
380.39,410.78
380.66,410.73
380.87,411.06
380.85,410.73
380.56,410.45
381.08,410.48
380.29,410.89
380.8,410.83
380.72,410.83
380.82,410.97
380.6,411.11
380.66,411.88
380.53,411.6
380.88,411.8
380.58,411.88
381.16,412.07
380.43,412.15
380.81,412.45
380.72,412.81
380.89,412.98
380.98,412.76
380.84,413.22
380.96,413.33
380.7,413.36
381.46,413.91
381.38,413.74
380.58,413.9
381.18,414.1
380.82,414.04
380.8,414.64
381.09,414.45
381.38,414.48
380.74,414.61
381.24,414.67
381.42,414.28
381.14,414.83
380.9,414.64
381.06,414.66
381.07,414.52
381.3,415.02
380.93,414.66
380.78,414.96
380.64,414.66
380.61,414.43
381.13,414.96
381.37,414.71
380.85,414.93
380.78,414.38
380.35,414.57
380.61,414.21
380.43,413.88
379.97,414.34
380.34,413.79
379.81,413.63
379.88,413.71
379.87,413.68
380.22,413.76
379.52,413.57
379.53,413.57
379.42,413.35
379.63,413.02
379.49,413.26
378.98,413.21
378.73,413.18
378.85,412.98
378.65,412.85
378.82,412.82
378.77,412.85
378.78,412.76
378.62,412.65
377.79,412.57
377.73,412.37
377.91,412.13
378.11,412.18
378.11,411.9
377.11,411.79
377.28,411.41
377.29,411.44
377.06,411.38
377.49,411.57
377.42,411.54
376.95,411.63
376.89,411.1
376.96,411.38
376.95,410.77
376.59,411.48
376.74,410.99
376.76,411.1
376.28,410.88
376.76,410.96
376.01,411.62
376.6,411.46
376.18,411.31
376.66,411.43
376.02,411.2
376.32,411.34
376.29,411.31
376.11,411.62
376.31,411.64
376.62,411.67
376.32,411.86
375.87,411.28
375.82,412.24
376.1,411.45
376.17,411.58
376.22,412.05
375.88,412.05
375.87,412.3
376,412.19
375.82,412.13
375.84,412.33
376.11,412.35
375.88,412.27
375.83,412.52
376.03,412.55
376.18,412.19
376.18,412.33
376.52,412.74
375.83,412.63
376.19,412.52
376.27,412.96
376.34,413.04
376.36,412.88
376.33,412.98
376.85,413.12
376.89,413.34
376.47,413.23
376.95,413.4
376.68,413.34
377.25,413.64
376.86,413.4
377.13,413.4
377.29,413.31
377.35,413.7
376.77,413.78
377.02,414.08
376.82,413.81
376.83,414
377.06,413.42
377.08,414.05
376.89,413.89
377.52,414.08
377.49,414.02
377.02,414
376.98,414.05
377.07,414.22
376.91,414.24
376.84,414
376.68,413.61
376.42,414.52
376.49,414.08
376.56,413.94
376.21,413.56
376.53,414.16
376.43,413.91
376.26,413.91
376.38,414.08
375.49,413.69
376.23,413.8
375.96,413.5
376.09,413.88
375.76,414.24
375.96,413.8
375.92,413.58
375.32,413.85
375.39,413.86
375.45,413.44
375.39,413.36
374.77,413.58
374.91,413.66
375.44,413.63
375.22,413.55
375.55,413.82
375.1,413.66
375.25,413.47
375.07,413.41
375.17,413.47
375.18,413.99
375.01,413.8
374.74,413.36
374.67,413.36
374.56,413.77
374.84,413.91
375.25,413.83
374.94,413.8
374.81,413.94
374.75,414.02
375.03,414.05
374.57,413.85
374.84,413.58
374.7,413.94
374.41,414.13
374.87,413.91
374.81,414.07
374.83,414.43
374.99,414.57
374.9,414.27
374.73,414.77
375.32,414.41
374.83,414.54
374.97,414.57
374.9,414.88
375.31,414.85
375.56,415.29
375.11,415.51
375.02,414.74
375.25,415.62
375.33,415.43
375.43,415.62
375.22,415.76
375.23,415.07
375.45,415.82
375.13,416.2
375.39,415.79
375.98,415.43
375.31,415.82
375.33,415.43
375.62,415.76
375.51,416.09
375.64,416.07
375.85,416.09
375.91,415.82
375.76,415.8
375.88,415.91
375.82,416.04
375.99,416.05
376.37,415.99
376.31,415.99
376.45,416.18
376.2,415.88
376.39,416.07
376.78,415.86
376.56,416.18
376.41,415.91
376.87,415.66
376.63,415.61
376.34,415.72
376.94,415.91
376.77,416.16
377.02,415.86
376.91,415.56
376.97,415.64
376.89,415.64
377.05,415.97
377.1,415.56
377.09,415.7
377.22,415.43
376.92,415.65
376.58,415.4
376.9,415.62
376.66,415.57
376.63,415.51
376.77,414.93
376.55,415.1
376.76,415.57
376.37,415.3
376.3,415.41
376.56,415.52
376.69,415.27
376.54,415.16
376.08,414.97
376.35,415.38
376.03,414.72
375.93,415.16
375.89,414.81
375.82,415.17
375.32,414.53
376.04,414.59
375.98,414.75
375.64,414.65
375.6,414.56
375.7,414.59
375.12,414.65
375.68,414.59
375.08,414.49
375.46,414.46
375.04,414.6
375.32,414.46
375.15,414.85
375.3,415.1
375.49,414.71
375.23,414.8
375,414.8
374.85,414.39
374.72,414.99
374.72,415.1
375.08,414.64
374.99,414.58
374.39,414.75
374.55,414.58
374.25,414.81
374.65,414.73
374.66,414.78
374.52,414.53
374.49,414.92
374.37,414.46
374.35,414.43
374.56,414.93
374.51,414.43
374.29,415.07
374.52,415.18
374.39,414.69
374.64,415.02
374.12,414.11
374.27,414.8
374.87,414.72
374.71,415.08
375.07,414.7
374.5,415.25
374.77,414.89
375,415.08
374.53,414.76
375.08,415.17
375.11,414.95
375.09,414.79
375.62,414.79
375.35,415.18
375.72,414.96
375.33,415.62
375.62,415.51
375.62,415.21
375.83,415.71
376.06,415.46
375.81,415.35
375.97,415.24
376.67,415.66
376.59,415.33
376.32,415.52
376.63,415.58
376.73,415.42
376.77,414.98
376.57,414.87
376.72,415.36
377.17,415.7
376.86,415.37
376.85,415.48
377.31,415.48
376.97,415.23
377.31,415.73
377.29,415.65
377.07,415.4
376.74,415.57
377.41,415.71
377.01,415.79
377.15,415.49
377.39,415.43
377.04,415.11
377.13,415.49
376.91,415.99
377.08,415.71
377.12,415.66
377.43,415.38
376.78,415.03
377.07,415.94
377.08,415.33
376.84,415.53
376.99,415.72
377.11,416.05
376.59,415.56
376.61,415.69
376.58,416.08
376.29,415.39
376.56,415.92
376.18,415.78
376.26,416.22
376.34,416.19
376.44,415.76
376.29,416.14
376.24,416.25
376.17,415.87
376.03,415.89
375.8,415.78
376.12,416.03
375.88,415.76
375.95,415.76
375.2,415.87
375.49,415.98
375.94,415.98
375.78,415.71
375.25,415.46
375.38,416.07
375.58,415.74
375.32,415.35
375.15,415.24
375.26,415.28
375.15,415.66
374.97,415.41
374.76,415.22
375.44,415.52
374.76,415.8
374.93,415.33
374.22,415.77
374.38,415.69
374.64,415.91
374.75,415.58
374.59,415.28
374.26,415.09
374.24,415.67
374.66,415.64
374.26,415.78
374.31,415.7
374.65,415.81
374.22,415.95
374.04,415.84
374.16,415.92
374.5,416.47
374.81,416.36
374.13,416.23
374,416.06
374.03,416.58
374.15,416.36
373.6,417
373.77,416.81
373.79,416.97
374.11,416.86
374.01,417.03
374.21,417.25
374.2,417.33
374.65,417.22
374.42,417.58
374.54,416.84
374.77,417.47
374.21,417.94
375.05,418.05
374.89,418.05
374.79,418.22
375.05,417.78
375.39,418.36
374.93,418.44
374.96,418.71
374.74,418.55
374.94,418.69
374.96,418.58
375.14,419.24
374.93,418.8
374.76,419.52
374.88,419.85
374.88,419.68
375.2,419.68
375.51,419.46
375.06,419.77
375.34,419.55
375.24,419.38
375.19,419.55
375.29,420.04
375.25,420.15
374.94,420.1
374.68,420.6
374.83,420.1
374.81,420.1
374.99,420.68
375.19,420.18
374.79,420.32
374.64,420.3
374.79,420.43
374.76,420.65
374.52,420.24
374.4,420.52
374.76,420.68
374.3,421.04
374.27,420.68
374.34,420.85
374.16,420.46
374,420.66
374.07,421.07
374.01,420.46
373.73,420.68
373.9,420.27
373.18,420.63
372.84,420.38
373.51,420.66
373.46,420.05
373.39,420.13
372.67,420.38
372.89,420.11
372.67,419.89
372.64,420.02
372.55,420.19
372.55,419.92
372.4,419.58
372.44,419.42
372.47,419.04
372.11,419.25
371.84,419.25
372.05,419.56
371.87,419.12
372.17,419.45
371.84,419.04
371.84,419.06
371.79,419.14
371.85,418.95
371.96,418.93
371.54,419.26
371.72,419.04
371.77,419.15
371.96,419.48
371.27,419.23
371.25,419.06
371.89,419.37
371.35,419.5
371.67,419.92
371.85,419.48
370.95,419.28
371.33,419.34
371.68,419.89
371.85,419.37
371.77,419.59
371.87,419.67
372.12,419.94
372.41,419.86
372.38,419.78
372.12,419.89
372.47,419.72
372.54,420
373.01,420
372.72,419.97
372.74,419.94
373.26,420.41
373.44,420.44
373.39,420.41
373.42,420.41
374.23,420.38
374.28,420.41
374.58,420.27
374.66,420.24
374.03,419.89
374.58,419.83
374.87,420.19
375.06,420.49
374.71,419.91
375.22,420.02
375.28,420.08
375.57,420.08
375.49,419.8
375.26,420.24
375.98,419.8
375.9,419.75
375.86,419.55
375.82,420.1
376.21,419.55
375.77,419.5
375.68,419.5
375.7,419.28
375.92,419.55
375.47,419.03
375.33,419.03
375.98,419.16
375.3,418.92
375.84,418.39
375.1,418.37
375.04,418.53
374.98,418.14
375.04,418.28
374.78,418.09
375.13,418.22
374.6,417.89
374.48,417.54
374.33,417.65
374.74,417.43
374.5,417.18
374.55,417.26
374.06,417.31
373.53,416.46
374.16,416.96
373.91,416.6
373.8,416.68
373.68,416.65
373.44,416.57
372.96,416.52
373.48,415.91
373.22,416.13
372.99,416.24
372.67,416.38
372.47,416.43
372.63,416.1
372.6,415.63
372.58,415.77
372.67,416.21
372.3,416.27
372.54,416.32
372.28,416.71
372.26,416.54
372.01,416.43
372.35,416.62
372.2,416.43
372.21,416.46
372.21,416.57
372.22,416.38
372.13,416.95
371.81,416.76
372.22,416.71
372.11,416.76
371.93,416.76
372.09,417.34
372.23,417.4
372.26,416.6
372.17,416.93
372.61,417.75
372.32,417.75
372.62,417.81
372.18,417.67
372.44,418
372.93,418.33
372.44,418.11
372.58,418.11
372.9,418.3
372.53,418
372.77,418.05
372.64,418.44
372.72,418.44
373.17,418.88
373.35,418.63
373.15,418.82
373.15,418.52
373.71,418.82
373.07,418.96
373.74,419.32
373.42,419.29
373.63,419.13
373.48,419.15
373.77,419.21
373.72,418.63
374,418.91
373.67,419.13
373.82,419.16
373.74,419.32
373.76,418.99
373.48,418.8
374.37,419.35
373.88,418.82
374.09,419.13
374.32,418.77
373.94,419.15
373.87,419.43
374,419.18
374.19,419.1
373.83,419.26
373.94,419.21
373.96,419.01
373.67,419.24
374.43,419.04
374.26,419.56
374.18,419.26
374.27,419.1
374.39,418.93
374.26,419.4
374.13,418.85
374.14,419.43
374.41,419.48
373.96,419.34
373.92,418.99
374.14,418.52
374.24,418.79
374.02,419.04
373.75,418.57
374.36,418.74
373.95,418.82
374.24,418.6
373.79,418.54
373.98,418.51
373.97,418.6
373.9,418.76
373.95,418.07
373.67,418.26
373.57,418.4
373.79,417.96
373.71,418.29
373.41,417.63
373.52,418.21
373.47,417.69
373.2,417.77
373.06,417.82
373.19,417.91
373.45,417.9
372.89,417.57
372.54,417.71
373.08,417.6
372.81,417.71
373.13,417.76
372.66,417.74
372.32,417.19
372.45,417.85
372.44,417.32
372.49,417.79
372.03,417.3
371.83,417.71
372.46,418.01
372.25,417.49
371.98,417.43
372.11,417.19
372.11,417.46
372.12,417.13
371.68,417.79
371.98,417.51
371.79,417.65
372,417.57
371.86,417.79
371.95,418.06
371.74,417.51
371.74,417.4
371.87,417.13
371.78,417.24
371.82,417.68
371.8,417.18
371.01,417.98
371.19,417.4
371.58,417.7
370.79,417.73
370.84,417.65
371.18,418.12
371.38,417.7
370.72,417.78
370.97,417.84
370.45,417.26
370.81,417.78
370.68,417.73
370.88,417.67
370.6,417.48
370.32,417.81
370.44,417.87
370.52,417.34
370.69,418.17
370.38,417.89
370.29,417.95
370.42,417.65
370.24,417.32
369.76,417.48
370.18,417.37
370.04,417.26
370.32,417.29
370.28,417.98
369.84,416.99
369.88,417.42
369.78,417.4
369.94,417.56
370,417.26
370.43,417.32
370.34,417.42
370.18,417.73
369.75,418.22
369.61,417.65
370,417.26
370.39,417.84
369.92,417.67
370.15,417.59
370.15,417.45
369.35,417.84
369.61,417.54
369.49,417.81
369.56,417.34
369.69,417.4
369.83,417.34
370,417.76
369.77,417.89
369.53,417.89
369.78,417.98
369.48,417.78
369.57,418.22
369.62,417.98
369.99,418.01
369.64,417.37
369.69,418.11
370,417.59
369.81,417.98
369.59,417.79
369.76,417.89
369.73,417.92
370.25,418.31
369.94,417.95
369.49,418.36
369.77,418.06
370.27,418.09
369.95,418.42
370.39,417.87
369.88,417.92
369.93,418.01
370.43,418.2
369.91,417.9
370.18,417.84
369.86,417.51
370.27,417.87
370.16,417.95
370.68,417.68
370.13,418.25
370.64,418.17
370.34,417.65
370.24,418.2
370.09,417.87
370.36,417.76
370.79,417.82
370.06,417.73
370.99,418.12
370.5,417.79
370.68,417.76
371.08,417.63
371.06,417.74
370.86,417.82
371.47,417.9
371.19,417.85
371.43,417.93
371.43,417.9
371.71,418.34
371.76,418.62
371.83,418.37
371.82,418.29
372.45,418.07
371.73,418.01
372.19,418.04
372.35,418.31
372.51,417.71
372.37,418.01
372.38,418.15
372.49,418.15
373.1,418.34
372.53,418.34
372.65,418.12
372.71,417.99
372.7,418.18
372.83,417.88
372.91,418.12
373.22,418.01
372.29,418.4
372.37,418.95
372.75,418.54
373.15,418.21
373.51,418.65
373.15,418.7
373.18,418.21
373.29,418.7
373.12,419.26
373.01,418.87
373.18,418.73
373.3,418.62
373.05,419.01
373.06,418.9
373.34,419.06
372.85,418.76
373.1,418.93
373.04,419.07
373.36,418.54
373.5,418.9
373.25,418.87
372.83,418.93
373.51,419.21
373.45,419.45
373.55,419.56
373.01,419.29
373.26,419.48
373.74,419.26
373.08,419.15
373.22,419.18
373.59,418.93
373.45,418.88
373.4,418.69
372.99,419.02
372.65,419.07
373.1,418.99
373.35,418.96
373.21,419.02
373.04,418.66
373.22,419.1
372.78,419.24
373.22,418.97
373.15,419.16
372.93,418.83
373,418.97
372.84,418.78
372.99,418.91
372.56,418.97
372.75,418.88
373.09,418.75
373.07,418.97
373.22,418.94
373.55,418.61
373.03,418.89
373.1,418.89
373.67,418.72
373.28,418.95
372.91,418.92
373.44,418.56
373.28,418.56
373.71,418.7
373.54,418.81
373.91,418.76
373.39,418.56
373.8,418.84
374.34,419
373.9,418.34
374.13,418.54
373.99,418.57
373.98,419.04
374.05,418.35
374.43,418.71
374.25,418.95
374.01,418.41
374.42,418.35
374.38,418.57
373.9,418.38
374.23,418.82
374.1,418.44
374.62,418.66
374.67,418.3
374.24,418.47
374.85,418.3
374.6,418.33
374.12,418.36
374.24,418.66
374.25,418.41
374.46,418.17
374.47,418.08
374.44,418.33
374.18,417.86
374.68,418.06
374.16,417.89
374.6,417.43
374.52,417.92
374.28,417.7
374.05,417.59
373.98,417.7
374.39,417.84
374.05,417.84
374.09,417.48
373.91,417.07
373.92,417.35
373.93,417.65
374.12,417.4
373.38,416.94
373.45,417.1
374.03,417.13
373.8,416.91
373.45,417.32
373.44,417.43
373.24,417.21
373.33,417.21
373.26,416.58
373.85,417.11
373.31,416.8
373.53,416.94
373.09,416.5
373.4,416.42
373.48,416.64
373.51,417
373.49,416.37
373.31,416.01
372.99,416.61
373.73,416.7
373.36,416.26
373.48,416.5
373.39,416.39
373.46,416.01
373.02,416.4
373.1,416.4
373.28,416.21
373.28,416.65
373.14,416.46
373.64,416.51
373.61,416.57
373.53,416.56
373.35,416.4
373.55,416.45
373.31,416.68
373.46,416.81
373.41,416.65
373.88,416.92
374.04,416.9
373.65,416.65
373.58,417.42
373.78,416.84
373.75,416.73
373.7,416.9
373.24,416.95
373.09,416.92
373.29,417.03
373.16,417.2
373.52,416.95
372.42,416.35
373.2,417.14
372.71,416.84
372.64,417.15
372.93,417.5
373.11,417.17
373.36,417.45
372.83,417.12
372.93,417.25
373.07,417.28
372.78,417.23
372.4,417.12
372.26,417.42
372,416.98
372.66,417.34
372.31,417.06
372.28,417.25
372.46,417.31
372.22,417.17
371.68,417.31
371.65,416.81
371.82,417.17
371.61,417.53
371.91,417.58
371.66,417.39
371.65,417.31
371.07,417.45
371.57,417.42
371.29,417.42
371.18,417.8
371.01,417.86
370.75,417.89
371.1,417.14
370.64,417.83
370.66,417.67
370.8,417.78
370.63,418.27
370.36,418.3
370.56,418.3
370.46,417.78
370.51,418.08
370.5,418.47
370.23,418.52
370.69,418.66
370.75,418.38
370.57,418.66
370.55,418.52
370.1,418.27
369.91,418.55
369.94,418.6
370.14,418.6
370.19,418.66
370.19,418.49
370.05,418.88
370,419.18
369.82,419.02
370.4,419.29
370.43,419.57
370.2,419.26
370.88,419.15
370.69,419.46
370.16,419.62
370.86,419.59
371.02,420.09
370.52,420.06
370.94,420.2
370.95,420.2
371.33,419.95
371.24,420.03
371.17,420.7
371.13,420.48
371.54,420.84
371.35,420.89
371.69,420.59
371.62,420.42
371.75,420.61
372.05,420.78
371.58,420.94
371.93,421.3
371.5,421.19
371.78,420.86
372.03,421.27
371.7,421.55
372.15,420.83
371.99,421.69
371.57,421.19
371.67,421.52
372.07,421.16
371.88,421.41
372.25,421.13
372.25,421.38
371.93,421.66
371.9,421.44
371.65,421.36
371.84,421.49
371.77,421.55
371.69,421.74
371.73,421.44
371.6,421.44
372.26,421.33
372,421.71
371.31,421.82
371.24,422.07
371.47,422.13
371.6,422.32
371.65,421.74
371.32,421.93
371.95,421.91
371.67,422.15
371.46,422.37
371.87,422.46
371.17,422.76
371.1,422.65
371.39,422.29
371.49,422.59
371.59,422.81
371.73,422.35
371.36,422.21
371.12,423.09
371.03,422.98
371.11,422.98
371.02,422.43
371.27,423.31
371.44,423.06
371.14,423.14
370.95,423.34
370.95,422.87
370.46,423.03
370.81,423.28
370.81,423.22
370.6,423.11
370.65,422.92
370.5,423.03
370.62,423.14
370.26,423.31
370.84,422.84
370.61,422.89
370.09,423.28
370.07,422.89
370.14,423.03
369.9,423.17
370.31,423.33
370.4,422.78
370.14,423.44
370.42,423.06
370.26,422.97
370.22,423.47
370.05,423.27
369.78,422.72
369.9,423.41
369.97,423.19
370,423
370.17,423.27
369.65,422.94
369.64,423.14
369.95,422.72
369.71,422.58
369.71,423
369.48,422.75
370.09,423.11
369.45,422.94
369.85,422.75
369.59,422.94
369.72,422.88
369.94,423
369.53,422.89
369.78,422.55
369.67,423.27
369.81,422.94
370.01,422.99
369.72,423.21
369.63,422.97
369.63,423.16
369.63,423.19
370.08,423.19
369.4,423.22
369.68,423.13
369.91,423.02
369.46,422.99
369.56,423.08
369.38,423.24
369.25,423.18
369.21,423.38
369.64,423.13
369.44,423.35
369.45,423.1
369.22,423.49
369.45,423.65
370.15,423.52
369.89,423.46
369.85,423.29
369.88,423.29
369.93,422.83
369.54,422.94
369.97,422.58
369.9,423.13
370.01,423.02
369.74,422.66
369.51,422.94
369.14,423.08
369.48,422.85
369.58,422.47
369.52,422.77
369,422.39
369.49,422.91
369.44,422.52
369.52,422.63
369.84,422.69
369.53,423.32
369.35,422.44
369.62,422.19
369.22,422.33
369.17,422.44
369.05,422.8
369.21,422.61
369.24,422.44
369.27,422.39
369.32,422.96
369.39,422.36
369.46,422.44
369.78,422.61
369.67,422.47
369.54,422.52
369.93,422.61
370.12,422.55
369.5,422.8
370.18,422.91
369.7,422.3
369.79,422.3
370.12,422.5
370.24,422.47
370.21,422.69
369.75,422.85
370.68,422.96
370.4,422.33
370.48,423.16
370.19,422.85
369.93,422.63
370.52,422.39
370.77,422.8
370.13,422.5
370.27,422.8
370.3,422.36
370.25,422.74
370.04,422.61
370.41,422.8
370.33,422.8
370.69,422.72
370.78,422.36
370.42,422.14
370.42,421.67
370.19,422.6
370.2,421.86
370.59,422.38
370.32,422.05
369.99,422
370.4,422.27
370.05,421.89
370.61,422.11
370.05,421.39
370,421.86
370.47,421.86
370.1,421.86
369.87,421.91
369.8,421.66
369.87,421.91
370.11,421.56
369.83,421.36
369.67,421.58
369.56,421.83
369.37,421.72
369.42,421.44
369.41,421.91
369.51,421.75
369.67,421.69
369.83,421.17
369.57,421.47
369.51,421.31
369.7,421.41
369.7,421.52
369.22,421.28
369.45,421.36
369.13,421.11
369.15,421.22
369.01,421.36
369.39,421.52
369.46,421.11
369.34,421.47
369.65,421.25
369.33,421.08
369.55,421.25
369.4,420.75
369.35,421.55
369.14,421.25
369.14,421.91
369.41,421.63
369.27,421.49
368.99,421
369.25,421.27
369.29,421.93
369.42,421.93
369.2,421.69
369,421.66
369.13,421.63
369.08,421.52
369.11,421.88
369.7,421.96
369.47,421.74
368.62,421.79
368.33,422.1
368.73,422.1
368.76,421.68
368.78,421.85
368.63,421.82
368.64,421.99
368.77,422.23
368.9,421.87
368.18,422.01
368.41,422.34
368.28,422.26
368.05,421.96
368.63,422.23
368.52,422.37
368.43,422.23
368.39,422.23
368.22,422.48
368.43,422.31
368.61,422.34
367.95,421.82
368.16,421.87
368.2,422.45
368.3,422.28
368.83,422.59
368.3,422.12
368.23,422.37
367.74,422.64
368.08,422.59
368.42,421.95
367.84,422.67
368.07,422.56
368.19,422.48
368.12,422.61
368.23,422.26
367.96,422.72
368.14,422.31
368.36,422.34
368.31,422.75
368.01,422.23
368.26,422.14
368.16,422.04
368.45,422.01
368.23,422.31
368.23,422.12
367.76,421.79
368.58,422.09
367.81,421.89
367.81,421.43
367.77,422.2
367.98,421.87
367.67,422.03
368.6,421.81
368.3,421.95
368.39,421.78
368.45,421.81
368.17,421.37
368.13,421.7
367.73,421.87
367.97,422.03
367.81,421.29
367.97,421.7
367.94,421.98
367.49,421.62
367.88,421.23
367.85,421.12
368.29,421.34
367.72,421.56
367.65,421.32
368.25,421.42
368.07,421.73
367.94,421.15
367.58,421.56
367.78,421.29
367.95,421.48
367.96,420.99
368.31,420.71
368.24,421.1
368.1,421.12
368,421.29
367.93,420.71
367.99,421.23
368.02,420.71
368.02,420.82
367.93,420.63
368.29,420.52
367.86,420.99
368.01,420.93
368.41,421.12
368.42,420.38
368.2,420.55
367.94,420.6
367.95,420.96
368.21,420.6
368.21,420.57
368.31,420.77
368.08,420.74
368.26,420.82
367.76,420.96
367.9,420.58
368.43,420.79
367.93,420.24
367.98,420.82
368.08,420.96
367.73,420.44
368.65,420.63
368.03,420.6
368.68,420.74
368.26,420.93
368.3,420.99
368.33,421.07
368.15,420.58
368.63,420.22
368.82,420.66
368.15,420.74
368.8,420.58
368.76,420.99
368.95,420.8
368.62,420.83
368.88,420.72
369.22,420.63
369.27,420.88
369.22,420.99
369.46,421.19
369.13,420.94
369.83,420.86
369.81,421.19
369.46,421.02
369.53,420.83
370.21,420.99
369.81,421.35
369.84,421.19
369.72,421.3
370.18,420.8
370.12,421.13
370.34,420.89
370.12,421
370.05,420.97
370.48,421.41
370.66,421.22
370.38,421.14
370.8,421.41
370.77,421.25
370.57,421.28
370.85,421.69
370.71,421.06
371.18,421.19
371.16,420.78
371.55,420.81
371.31,420.86
371.17,421.14
371.64,421.06
371.01,421.17
370.75,420.75
371.17,421.28
371.15,421.5
371.13,421.25
371.34,420.65
371.33,421.22
371.2,420.76
371.39,420.76
371.57,420.46
371,420.68
371.34,420.07
371.07,420.26
371.59,420.48
371.49,420.32
371.19,420.32
371.27,420.32
371.85,420.21
371.42,420.02
371.53,419.83
371.53,419.61
371.75,419.91
371.13,419.77
371.59,419.66
371.25,419.85
371.61,420.13
371.81,420.02
371.21,419.66
371.44,419.8
371.67,420.02
371.5,419.55
371.67,419.33
371.6,419.58
371.41,419.72
371.79,419.39
371.37,419.45
371.25,419.94
371.89,419.99
371.89,419.86
371.86,419.25
371.26,419.34
371.65,419.61
371.3,419.56
371.83,419.31
371.82,419.28
371.26,419.58
371.86,419.58
372.04,419.72
371.96,419.8
371.54,419.64
371.86,419.61
371.51,420.11
371.76,419.61
371.53,419.86
371.56,419.58
371.96,420.05
371.79,419.69
371.82,419.66
371.53,419.66
371.3,419.77
371.89,419.5
371.34,420.3
371.91,419.64
371.65,419.75
372.29,419.72
371.7,419.44
372.3,419.88
372.01,420.05
371.49,419.96
372.15,419.17
372.25,419.66
372.61,419.61
372.39,420.1
372.18,419.63
372.53,419.47
372.41,419.52
372.21,419.24
372.29,419.22
372.14,419.71
371.92,419.35
372.27,418.94
371.81,419.77
371.88,419.52
371.91,419.13
371.85,419.41
371.94,419.19
372.17,419.52
372.02,419.54
372.54,420.29
372.2,419.87
372.07,419.74
372.02,419.82
372.31,419.68
372.42,420.15
372.79,419.38
372.52,419.87
372.21,419.95
372.45,419.4
372.76,419.68
372.28,419.29
372.81,419.65
372.47,419.46
372.74,419.49
372.46,419.46
372.66,419.13
372.94,418.96
372.66,419.43
372.5,419.4
372.99,419.18
372.35,419.34
372.61,418.79
372.6,418.9
372.66,419.01
372.66,418.9
372.49,418.96
372.08,418.96
372.54,419.56
372.65,418.88
372.6,418.82
372.38,418.98
372.71,418.63
372.76,418.38
372.11,418.77
372.78,418.79
372.17,418.87
372.39,418.6
372.36,418.27
372.17,418.82
372.57,418.1
372.32,418.76
372.23,418.35
372.24,418.41
372.51,418.27
371.93,418.35
371.54,417.91
371.9,417.88
372.04,417.77
371.46,418.21
371.07,417.91
371.31,417.94
370.84,417.69
370.98,417.55
370.99,417.5
370.84,417.69
370.63,417.28
370.3,417.88
370.6,417.83
370.52,417.42
370.49,418.08
370.4,417.42
370.8,417.8
370.42,417.91
370.91,417.58
370.4,417.36
370.79,417.61
370.42,417.94
370.77,417.78
370.64,417.72
370.65,418.13
370.8,417.56
371.17,417.86
370.75,417.61
371.36,417.81
370.74,418.08
370.9,417.61
371.19,417.8
370.75,417.78
370.85,417.97
371.08,417.2
371.21,417.45
371.29,417.72
371.24,417.81
371.7,417.53
370.92,417.97
371.57,417.62
371.38,417.67
371.52,417.56
371.76,417.09
371.71,417.73
372.3,417.86
372.26,417.48
372.24,417.26
371.95,417.45
372.55,417.4
372.37,417.59
372.42,417.18
372.09,417.26
372.7,417.18
372.57,417.15
372.76,417.4
373.23,417.76
372.49,417.26
372.69,416.66
372.72,416.8
372.74,416.69
372.76,417.13
372.76,416.8
372.71,416.74
372.64,416.63
372.96,416.14
372.89,416.36
373.16,416.33
373.11,416
373.29,416.06
373.34,415.73
373.56,415.51
373.73,415.29
373.43,415.54
373.47,414.77
373.62,415.15
373.68,415.15
373.42,414.88
373.11,414.52
373,414.27
372.92,414.33
373.08,414.27
372.11,414.58
371.5,413.81
371.96,413.92
371.96,413.95
371.93,413.67
371.95,413.21
371.84,413.21
371.65,413.13
372.09,413.05
372.69,412.99
372.63,412.74
372.61,412.17
373.37,412.22
373.53,411.81
373.4,411.84
374.02,410.99
374.47,411.02
374.41,410.5
373.84,410.86
374.62,410.47
373.97,410.61
374.6,409.95
374.18,410.06
374.19,410.28
373.5,410.31
374.12,409.93
373.88,410.34
373.85,409.68
373.68,409.93
373.59,410.21
374.4,410.87
373.83,410.41
374.11,410.77
374.06,410.82
373.72,410.85
374.04,411.21
374.11,410.86
374.19,411.19
374.46,411.19
374.46,411.63
374.53,411.69
374.5,411.17
374.99,411.31
375.21,412.02
374.97,411.47
374.97,411.83
375.51,411.64
374.97,411.15
375.06,411.34
375.41,411.65
375.11,411.48
375.25,411.4
375.95,410.5
375.78,410.88
375.71,410.67
376.06,410.28
376.33,409.51
376.21,409.9
376.6,409.57
376.36,409.58
376.64,409.55
376.93,409.44
376.74,409.06
377.29,408.65
376.99,408.85
377.14,408.71
378.18,408.49
377.69,408.61
378.04,408.39
378.58,407.95
378.4,408.31
378.59,407.82
379.05,408.09
378.8,407.74
379.11,407.49
379.01,407.44
379.19,407.28
379.67,407.2
380.13,407.8
380.57,407.45
380.1,407.39
380.83,407.34
381.37,407.23
382.5,407.21
382.12,407.32
382.09,407.48
383.11,407.79
383.63,407.38
383.52,407.65
384.36,407.63
384.5,407.88
385.12,407.88
385.26,407.71
386.4,408.1
386.56,407.97
386.74,407.86
387.71,407.42
387.97,407.39
388.91,407.92
390.16,407.34
390.1,407.56
391.27,407.51
391.68,407.62
392.37,407.81
392.83,407.43
393.74,407.98
394.48,407.82
395.55,408.09
396.37,408.09
397.07,407.96
397.86,407.88
399.38,408.4
400.23,408.59
400.49,408.62
401.59,408.62
402.06,408.21
403.78,408.6
404.06,408.63
404.72,408.41
405.43,408.58
406.45,408.38
407.2,408.77
407.91,408.72
408.7,408.11
409.73,408.8
409.61,408.31
410.02,408.45
410.56,408.26
410.81,408.48
411.56,408.4
412.17,408.48
412.57,408.18
413.09,408.73
413.2,407.88
413.63,407.91
414.57,407.96
414.81,408.51
415.99,408.05
416.05,407.86
415.96,407.58
416.48,407.89
417.09,407.72
416.92,408.08
417.02,407.12
417.4,407.37
417.61,406.9
417.8,407.31
418.23,407.01
418.45,406.95
418.44,406.49
418.32,406.24
418.69,405.83
418.47,405.82
418.07,405.3
418.16,405.22
418.4,404.48
418.5,404.51
417.39,403.87
417.91,403.51
417.16,402.33
417.08,402.44
416.58,401.92
416.21,401.45
416.32,400.18
415.62,399.44
414.87,399.41
414.26,398.42
414.01,397.54
413.71,396.63
412.96,396.25
411.64,395.84
411.64,394.93
411.23,393.66
410.1,393.58
409.71,393.22
409.13,392.01
408.33,391.46
407.61,390.77
407.42,390.14
406.65,389.36
405.37,389.28
404.72,388.54
404.27,387.87
403.17,386.61
402.67,386.19
402.23,385.94
401.54,384.9
400.63,384.42
399.86,383.71
399.04,383.29
398.54,382.82
397.37,382.08
396.58,381.58
395.76,381.33
394.94,380.45
394.09,379.57
393.21,379.34
392.14,378.24
391.54,378.1
390.69,377.77
389.12,376.89
388.71,376.47
388.09,375.37
387.13,375.45
386.14,374.4
385.48,373.74
384.46,373.3
383.64,372.94
382.56,372
381.89,371.06
380.98,370.32
380.07,369.88
379.77,369.38
378.6,367.34
377.1,367.15
375.81,366.1
375.33,365.5
375.19,364.34
373.96,363.68
372.85,362.96
372.01,362.17
371.4,360.68
370.41,360.16
369.64,359.17
368.27,358.07
367.49,357.29
367.12,356.41
366.04,355.48
364.51,354.24
364,353.72
362.95,353.38
362.43,352.2
361.37,351.13
360.72,349.64
359.48,349.15
358.66,348.59
357.41,347.08
357.14,345.92
356.09,345.1
354.58,344.58
353.95,342.78
352.69,342.34
351.87,340.97
350.91,339.81
349.39,338.85
348.11,337.61
347.62,336.45
346.5,334.94
345.59,333.92
343.79,333.26
343.91,332.13
342.08,330.45
341.41,329.05
339.85,328.22
338.15,326.93
337,325.05
336.65,324.39
335.26,323.21
334.14,322.05
332.7,321.28
332.23,320.15
331.45,319.3
329.61,318.47
328.7,317.42
326.8,316.95
326.37,315.98
325.04,315.08
323.79,314.63
322.89,313.61
321.83,313.61
320.28,313.22
319.1,312.61
317.85,311.84
316.83,310.9
315.78,310.49
314.72,309.08
313.27,308.42
311.62,307.7
310.7,306.54
309.54,305.08
308.46,304.53
307.2,303.4
306.18,302.35
304.74,300.95
303.01,299.16
302.84,298.47
301.61,296.51
299.65,295.85
298.08,294.99
297.47,293.34
295.88,292.29
294.88,291.27
293.03,289.95
292.25,288.57
289.84,287.77
288.75,286.17
286.91,284.93
285.24,283.71
284.52,282.16
281.94,281.28
280.31,280.01
278.78,279.13
277.44,277.28
275.58,276.5
273.72,275.26
271.8,273.88
269.97,272.7
268.24,271.87
266.44,270.38
264.88,270.04
263.29,268.8
261.27,267.94
259.16,267
257.23,265.73
254.64,265.56
253.12,264.6
250.96,264.07
249.71,263.73
247.65,262.66
246.32,262.38
244.07,261.46
241.7,260.69
240.75,259.61
239.05,259.75
237.58,258.31
235.56,257.59
233.76,257.26
232,255.69
230.7,255.79
228.99,254.96
227.55,253.72
226.4,252.73
224.93,252.07
223.09,251.57
221.57,250.46
220.69,249.83
218.3,249.08
217.25,248.01
215.69,247.95
214.2,246.95
213.1,246.46
211.72,245.52
210.24,245.27
209.02,244.6
208.21,244.49
206.96,243.53
205.43,242.78
204.91,242.2
204.05,241.43
203.43,240.52
202.18,239.99
201.15,239.58
200.38,238.09
199.38,237.43
198.76,236.85
198.24,236.55
197.36,235.28
196.94,234.76
195.71,233.85
195.41,232.8
195.01,231.95
195.45,231.15
194.25,230.96
193.96,230.1
193.66,229.17
193.37,228.34
192.38,227.35
192.21,227.02
192.17,226.66
191.94,225.72
192.19,225.25
192.23,224.87
191.61,224.12
191.58,223.49
191.6,223.02
191.54,222.36
191.08,221.97
191.58,221.47
191.4,221.55
191.37,220.67
191.08,220.23
191.19,220.29
191.43,220.42
191.51,220.17
191.48,219.73
191.74,219.79
191.85,219.84
191.86,219.37
191.84,219.81
191.36,219.29
192.65,219.7
192.86,219.97
193.02,220.25
193.64,220.25
193.98,220.36
194.57,220.71
194.78,220.8
195.64,221.68
196.43,221.48
197.22,222.36
197.88,223.02
198.26,223.65
199.26,223.3
199.83,224.01
201.21,225.03
201.46,225.72
201.53,226.1
202.27,226.93
202.71,228.14
202.99,229.54
203.63,229.65
204.25,230.73
204.14,231.8
204.37,232.96
205.01,234.22
204.82,235.63
205.52,237.25
205.58,239.04
205.86,240.53
205.33,242.45
206.2,244.13
206.3,245.78
206.42,248.67
206.6,249.86
206.95,252.06
207.16,253.9
207.43,256.27
208.11,257.62
208.26,259.71
208.05,261.28
208.44,263.04
208.63,264.8
208.49,265.91
209.08,267.01
209.32,267.75
209.28,269.32
209.47,270.09
209.81,271.58
210.11,272.63
210.48,273.73
210.76,274.66
210.99,275.96
211.44,276.48
211.71,278.62
212.37,279.48
212.23,280.72
213.41,282.28
214.12,283.99
214.71,285.33
215.74,286.65
216.52,288.63
216.9,290.86
218.4,292.24
219.35,294.69
220.79,296.59
221.91,299.55
222.58,301.51
224.39,303.93
225.49,306.1
226.57,309.07
227.53,312.1
228.59,314.52
229.48,317.57
229.36,320.19
231.12,322.45
231.62,325.83
232.72,329.16
233.09,332.3
234.22,335.74
234.49,338.58
235.43,342.35
235.68,345.35
236.49,349.43
236.55,353.32
237.67,359.15
238.06,363.56
238.37,369.37
238.68,374.93
239.38,381.54
239.95,387.79
240.5,393.52
240.91,399.69
241.21,404.1
241.25,409.5
241.91,415.28
241.68,419
241.14,423.96
241.28,428.86
241.34,431.97
240.92,435.47
240.87,439.03
240.62,441.64
239.91,445.03
239.55,446.63
239.43,449.5
239.53,451.01
239.34,452.25
238.91,453.74
239.04,454.4
239.22,455.58
239.81,456.95
239.97,457.25
240.53,458.24
240.75,458.82
241.73,459.7
242.62,460.69
243.2,461.23
244.33,461.97
245.04,462.08
246.47,463.07
247.86,463.17
248.98,463.56
250.56,463.28
251.13,463.55
252.75,463.99
254.33,463.96
255.38,464.09
256.45,465.11
258.32,465.38
260.03,466.32
261.62,466.81
263.17,467.75
264.87,469.67
266.97,470.6
268.92,472.14
270.78,473.74
272.7,475.2
275,477.15
276.65,478.75
279.71,480.1
281.24,482.08
283.18,483.51
285.4,485.77
286.8,487.4
289.11,488.93
290.59,490.42
292.62,492.05
294.52,493.15
295.73,494.47
297.29,496.57
299.03,498.11
299.4,499.9
300.35,501.28
301.75,503.73
302.45,505.33
303.59,508.11
304.83,510.72
305.8,514.09
306.78,517.17
308.2,520.47
309.05,523.61
309.94,527.05
311.25,529.92
311.76,533.14
313.8,536.03
314.56,539.01
316.38,540.99
317.76,543.63
319.26,545.81
320.84,548.32
322.56,549.97
323.93,552.01
325.65,554.24
327.55,556.19
329.26,558.21
330.83,560.41
333.46,562.01
335.3,564.79
337.97,566.88
339.89,570.3
342.04,573.27
344.4,576.36
346.67,579.88
350.32,584.59
352.61,588.64
355.4,593.07
358.08,597.09
359.48,601.94
361.56,605.22
363.25,610.04
365.05,613.42
367.09,618.16
369.87,622.04
372.03,625.99
375.05,629.15
378.04,632.81
380.94,635.96
383.45,639.89
386.4,642.9
389.5,646.31
390.91,649.53
394.32,652.34
396.81,655.51
399.4,658.62
402.39,662.29
405.13,665.15
408.15,668.32
412,671.24
414.29,674.3
418.53,677.99
421.2,681.74
424.22,684.69
427.69,688.57
430.77,691.16
434.38,695.21
436.93,698
441.01,701.96
444.12,704.44
448.44,707.86
452.92,710.42
456.9,714.47
461.36,716.32
465.78,719.1
469.12,723.1
474.17,726.4
477.85,729.46
482.21,732.91
486.31,736.65
492.27,739.87
496.08,743.98
500.96,747.48
505.27,751.78
510.57,756.4
514.87,760.62
520.36,764.28
524.63,769.6
529.39,773.24
534.17,778.72
539.03,783.21
544.65,787.87
549.78,792.19
554.68,796.13
560.06,800.76
565.26,803.85
570.03,808.31
576.08,811.21
580.17,815.39
585.91,819.31
590.2,823.13
595.68,827.82
600.16,831.54
605.09,834.46
609.48,839.51
614.42,842.59
618.32,846.95
623.67,850.5
627.08,855.13
631.35,858.52
635.21,862.08
638.58,866.74
642.32,870.65
645.94,874.02
648.95,878.46
653.39,881.36
656.21,883.92
660.36,887.23
662.79,889.99
666.68,893.22
669.14,895.84
672.68,898.82
675.16,900.83
678.9,903.64
680.76,904.5
684.01,906.9
687,908.42
689.55,910.46
691.69,912
693.89,913.9
695.72,915.17
696.79,915.86
698.54,916.39
700.32,917.27
700.84,917.25
702.07,916.84
703.39,917.36
704.12,917
705.48,916.29
706.44,916.26
706.99,915.93
707.79,915.07
708.06,913.92
709.3,912.65
709.51,911.74
710.04,910.34
710.37,908.33
710.91,907.5
710.83,906.2
711.22,904.84
711.51,902.5
711.22,900.71
711.57,898.23
710.84,896.24
711.03,893.84
710.94,891.39
710.65,888.76
710.01,886.58
709.79,884.2
709.57,881.19
708.9,878.49
707.9,873.96
708.06,870.95
706.53,866.57
705.99,862.59
704.86,857.68
704.17,854.89
703.48,849.43
702.82,846.11
701.18,840.7
700.57,836.86
699.6,832.5
699.17,826.98
698.72,822.32
697.95,816.99
697.68,811.53
697.6,806.56
697.91,801.56
697.46,795.62
698.94,792.03
698.39,786.41
699.26,781.71
700.03,777.48
701.43,771.87
701.38,768.14
702.13,764.05
702.51,760.75
702.11,755.36
700.94,752.7
701.27,747.23
700.56,743.58
699.72,738.71
699.2,733.6
697.58,727.66
697.55,724
694.6,718.58
695.1,715.54
693.69,710.01
693.21,706.99
691.46,702.73
692.38,698.5
691.23,694.29
690.27,692.37
691.11,688.36
690.14,687.65
691.16,684.35
690.45,683.31
691.65,681.8
691.5,680.49
692.22,680.38
693.29,678.77
694.15,678.28
695.11,677.76
695.75,677.63
696.91,677.58
698.46,677.86
699.52,677.48
701.42,678.84
701.67,678.4
702.59,677.91
704.04,678.36
705.91,677.92
705.87,679.23
707.36,680.41
708.8,682.02
710.58,683.57
712.16,683.43
713.11,684.54
714.9,684.36
717.18,684.31
718.91,685.28
721.62,686.28
724.26,688.72
725.3,693.15
727.46,696.74
729.91,702.16
732.81,704.03
736.22,704.53
739.53,705.31
741.5,709.12
744.71,712.24
747.21,717.64
750.31,722.38
752.28,726.71
755.78,730.7
759.75,734.73
763.07,739.27
766.66,743.16
768.69,747.14
772.12,750.95
775.17,755.12
779.15,761.51
782.63,767.51
785.07,773.68
789.2,779.8
792.67,785.84
795.78,789.76
801.15,794.34
803.17,796.72
807.61,801.9
811.9,805.49
816.12,810.6
820.74,815.67
826.54,821.16
829.3,826.93
829.94,831.57
839.1,837.14
838.48,842.49
851.07,848.18
856.02,852.45
859.48,855.42
862.95,861.55
861.45,865.37
858.79,870
864.63,874.09
877.83,876.69
890.29,879.02
892.94,882.45
888.07,886.17
889.07,890.23
894.89,894.18
897.59,895.93
899.49,898.45
904.58,901.69
905.17,904.27
905.87,906.49
911.71,908.88
919.91,911.38
922.19,914.07
919.57,916.29
919.5,918.54
922.19,920.42
928.01,922.81
930.28,925.26
930.84,927.73
932.9,930.09
934.13,931.07
934.72,932.16
937.34,933.92
940.68,935.42
941.39,937.29
941.85,939.18
943.94,941.13
946,942.39
947.44,943.73
947.9,944.64
949.06,945.35
950.79,946.14
952.78,947.29
954.55,948.42
955.49,949.32
955.82,950.63
957.11,952.36
958.22,952.44
960.31,953.64
961.54,954.63
962.45,955.04
963.51,955.89
965.47,956.25
965.69,956.6
966.98,957.75
967.55,957.86
968.91,959.39
970.1,960.08
971.27,961.2
972.91,962.46
973.44,962.87
975.5,963.86
976.4,963.99
977.4,964.87
978.98,964.84
980.06,965.74
980.85,966.31
981.92,966.67
982.96,966.94
984.06,967.62
984.56,968.45
985.77,969.16
986.52,969.02
987.08,969.57
987.54,969.65
988.25,969.31
988.44,969.5
988.87,969.25
988.88,969.74
988.83,970.43
989.14,970.59
988.86,970.04
989.1,970.42
988.34,969.59
988.16,969.09
987.93,967.99
987.68,967.08
987.16,967.16
986.05,966
984.78,965.23
984.32,964.43
983.4,963.5
982.36,962.83
981.17,961.21
980.07,959.56
978.82,957.8
977.11,956.36
975.42,954.85
973.38,953.56
970.86,951.19
968.67,948.96
966.43,946.76
964.28,944.04
961.33,941.76
958.52,938.21
954.63,934.61
951.7,931.91
947.44,928.23
943.41,924.99
938.93,919.59
933.92,915.8
928.5,910.55
923.02,906.15
917.21,900.98
910.98,895.21
903.81,889.13
896.26,881.9
888.34,875.42
879.2,867.5
870.99,860.06
862.28,852.22
852.07,843.18
839.8,834
826.68,824.44
814.95,814.13
802.39,803.47
786.83,793.02
772.66,781.82
755.23,768.57
738.05,756.87
720.78,743.01
701.68,728.81
682.61,716.19
664.23,700.89
641.83,686.8
619.1,672.58
599.31,659.01
575.48,643.4
549.58,624.04
527.1,608.25
502.47,588.79
480.1,568.31
463.18,546.26
443.38,528.66
424.11,507.26
407.16,485.96
387.99,466.32
362.57,447.13
342.05,426.36
314.76,408.13
288.07,388.23
259.52,363.73
234.65,341.63
210,317.72
187.94,291.28
167.98,266.27
145.87,238.03
124.39,210.09
102.85,183.66
83.26,160.36
68.97,133.29
52.76,109.26
39.5,84.19
33.37,61.48
28.81,43.12
25.01,29.72
23.21,21.15
17.24,16.04
11.26,14.48
5.62,10.49
1.11,4.77
-2.98,1.09
-6.67,-2.86
-10.82,-3.11
-12.07,-3.34
-12.14,14.21
-8.48,20.91
-0.72,17.05
5.53,6.35
13.63,-3.21
17.86,-11.74
18.2,-15.97
13.57,-17.96
5.39,-15.44
-3.64,-10.87
-9.85,-2.48
-13.71,2.91
-13.39,8.18
-9.92,9.09
-3.64,9.06
1.21,6.49
4.68,4.9
6.85,4.79
6.27,1.47
4.1,-0.06
1.16,-0.95
-2.64,0.58
-6.43,0.85
-8.34,-0.68
-7.58,-1.22
-6.36,-0.57
-3.17,-0.18
0.08,-0.42
1.99,-1.45
3.89,-1.37
4.41,6.46
3.21,6.86
2.14,3.12
4.5,-4.25
3.26,-10.52
1.01,-13.49
1.01,-10.27
-2.96,-6.59
-4.03,-2.24
-3.66,2.35
-4.73,3.33
-2.85,4.81
0.05,5.41
-0.01,4.95
1.27,4.21
1.69,1.74
-0.01,0.64
-0.37,1.27
-1.2,1.71
-3.51,1.49
-3.44,0.26
-3.23,0.04
-3.33,1.27
-1.66,0.23
1.35,-1.39
3.27,-2.19
3.55,-2.58
4,-2.25
2.06,-1.53
0.19,-2.47
-0.95,-1.59
-3.32,-0.52
-3.91,-0.3
-2.43,0.23
-1.41,0.23
-0.88,0.04
1.07,0.73
1.23,2.46
0.88,2.98
0.57,3.03
-0.17,3.2
-1.11,3.66
-1.21,3.61
-2.06,2.15
-1.92,0.56
-0.88,-0.93
0.04,-1.2
0.51,-2.16
1.14,-2.79
1.3,-3.02
0,-2.03
-0.47,-0.95
-1.26,-0.95
-1.59,-0.71
-1.23,0.28
-1.06,1.46
-0.29,1.41
1,2.04
0.49,2.34
0.68,3.55
1.09,2.76
0.23,2.84
-0.26,3.11
-0.73,2.95
-1.2,1.85
-0.99,-1.73
-0.86,-4.31
0.02,-5.55
-0.03,-3.98
0.24,-2.02
-0.15,-0.46
-0.97,0.89
-0.9,2.2
-0.53,3.14
-0.35,3.28
-0.23,2.65
0.48,1.38
0.16,0.45
0.46,-0.43
0.16,-0.98
0.02,-1.64
-0.22,-1.18
-0.67,-0.82
-0.81,0.31
-0.94,1.47
-1.19,1.44
-0.97,1.88
-0.61,2.57
0.06,2.31
0.02,1.6
-0.35,0.8
0.03,0.83
0.39,-0.35
0.02,-1.61
0.2,-1.86
-0.16,-1.81
-0.58,-1.5
-0.75,-1.06
-0.81,-0.05
-0.85,0.67
-0.91,1.44
-0.31,2.04
-0.31,2.35
0.02,1.77
0.38,1.24
0.12,1.05
0.45,0.34
-0.06,-0.57
-0.01,-0.54
-0.38,0.04
-0.09,0.01
-0.5,0.12
-0.38,0.45
-0.86,0.42
-0.24,0.75
-0.29,0.56
-0.08,0.61
0.08,-0.21
0.18,-0.46
0.11,-0.3
-0.08,0.09
0.36,-0.18
0.34,-0.07
-0.55,0.03
-0.59,0.53
-0.42,0.81
-0.12,1.11
-0.08,0.89
0.1,0.89
-0.2,0.91
0.24,0.86
-0.1,0.45
-0.27,-0.08
-0.17,0.36
-0.17,0.12
-0.11,-0.16
-0.41,-0.73
0.04,-0.13
-0.43,-0.35
-0.52,-0.13
0.18,0.26
-0.37,0.23
-0.1,0.09
-0.35,0.56
-0.02,0.2
-0.04,0.89
0.21,0.83
0.38,0.69
0.24,0.78
-0.09,0.81
0.12,0.89
-0.21,0.53
-0.12,0.42
-0.24,0.58
0.31,0.47
0.13,-0.32
0.66,-0.27
-0.02,-0.27
-0.46,-0.16
-0.16,-0.19
0.09,-0.02
-0.15,0.04
-0.06,0.39
0.11,0.31
0.24,0.47
0.19,1
-0.05,0.83
0.12,0.23
-0.5,0.67
-0.48,0.34
-0.12,0.39
0.34,0.81
-0.04,0.7
0.2,0.12
0,0.89
0.02,1.03
-0.02,0.64
0.01,0.2
-0.03,0.39
-0.25,0.61
-0.33,-0.07
0.09,-0.07
0.07,0.23
-0.05,0.75
0.44,0.45
0.04,0.42
-0.14,0.78
-0.07,0.75
-0.08,0.28
-0.22,0.56
0.13,0.75
0.22,1.05
-0.42,0.26
0.01,0.61
0.06,0.53
-0.51,0.72
0.29,-0.1
0,0.83
-0.1,0.61
-0.13,0.39
-0.03,0.28
-0.09,0.48
-0.06,0.09
-0.04,0.26
-0.23,0.45
0.05,0.5
-0.11,0.72
0.01,0.23
-0.08,0.48
-0.13,0.48
0.09,0.61
0.02,0.42
0.31,0.23
-0.24,0.53
0.18,0.89
-0.25,0.83
-0.32,0.83
0.13,0.31
-0.3,0.94
-0.17,0.37
-0.03,0.34
-0.13,0.17
-0.22,0.34
0.13,0.01
0.02,0.23
-0.07,0.59
0.17,0.42
0,0.36
0.18,0.25
0.11,0.69
0.17,0.58
-0.57,0.58
-0.22,0.83
0.12,0.75
0.29,0.31
0.09,0.67
0.15,0.75
0.28,0.34
0.01,0.15
0.27,0.61
0.15,0.42
-0.29,0.39
-0.2,0.56
0.09,0.47
-0.1,0.36
0.23,0.39
0.21,0.28
0.05,0.34
-0.38,0.31
-0.22,0.47
-0.46,0.36
0.01,0.94
0.06,0.61
0.11,0.53
-0.11,0.94
-0.28,1.08
0.07,0.64
-0.08,0.91
0.12,0.64
-0.39,0.58
-0.08,0.58
0.18,0.37
0.24,0.31
-0.27,0.28
-0.33,0.45
-0.01,0.53
-0.22,0.17
0.23,0.56
-0.07,0.17
-0.29,0.72
0.11,0.91
-0.2,0.83
-0.16,0.69
-0.11,0.2
-0.59,0.75
-0.39,0.83
-0.14,0.34
-0.08,0.56
0.01,0.67
-0.08,1.19
-0.13,0.5
-0.04,0.45
0.56,0.64
-0.06,0.2
-0.21,0.53
0.22,0.01
0.18,0.39
-0.1,0.39
-0.08,0.36
0.34,0.25
0.02,0.53
0.15,0.36
-0.11,-0.27
-0.29,0.45
-0.08,0.17
-0.23,0.78
0.4,0.78
0,0.23
0.27,0.31
-0.17,0.2
-0.54,0.78
-0.27,0.75
0.14,0.01
-0.25,0.56
0.02,0.2
0.66,0.92
-0.15,0.28
-0.12,0.26
0.26,0.48
0.08,0.25
-0.41,0.28
0.07,0.64
-0.05,0.5
0.03,0.67
0.23,0.56
-0.07,0.36
-0.04,0.78
-0.07,0.56
0.13,0.47
0.07,0.75
0,0.61
-0.11,0.64
0.12,1.05
0.27,0.86
0.13,0.34
0.07,0.12
0.39,0.17
-0.11,0.7
0.46,0.06
0.46,0.45
-0.05,0.56
-0.54,0.53
-0.57,0.26
0.13,0.7
0.21,0.42
-0.13,0.23
0.31,0.5
-0.07,0.83
-0.34,0.56
-0.54,0.86
0.4,0.81
0.04,0.67
-0.63,0.72
0.17,1
0.07,0.5
-0.25,0.45
-0.38,0.89
-0.09,0.47
0.13,0.64
-0.2,0.45
-0.41,0.61
-0.04,0.14
-0.09,0.64
0.19,0.86
0.36,0.47
-0.37,0.64
-0.42,0.45
0.1,0.42
0.09,0.28
0.28,0.83
0.02,0.61
0.17,0.56
-0.39,0.39
0.07,1.05
-0.09,0.09
0.28,0.56
-0.21,0.37
0.2,0.28
-0.18,0.45
-0.27,0.92
0.22,0.01
0.07,0.59
0.21,0.5
0.02,0.34
0.04,0.92
0.25,0.7
0.17,0.58
-0.26,0.31
0.25,0.2
-0.11,0.75
0.05,0.67
0.22,0.81
0.28,0.12
0.15,0.45
-0.29,0.75
-0.27,0.56
-0.23,0.53
-0.15,0.58
0,0.48
0.1,0.75
-0.19,0.28
0.01,0.48
-0.29,0.31
0.12,0.42
0.12,0.75
-0.08,0.28
0.04,0.67
0.18,0.67
0.24,0.72
0.17,0.09
-0.2,0.31
-0.05,0.42
-0.38,0.31
-0.14,0.42
0.28,0.59
-0.08,0.39
0.13,0.59
0.55,0.58
0.5,0.36
0.29,0.81
0.02,0.7
-0.12,0.39
0.32,0.92
-0.04,0.83
0.01,0.34
-0.14,0.42
-0.09,0.39
0.18,0.2
0.01,0.56
-0.12,0.31
0.11,0.67
-0.2,0.31
-0.28,0.42
-0.09,0.31
-0.32,0.86
-0.29,1.14
-0.22,0.67
-0.16,0.83
-0.06,0.72
0.07,0.75
-0.07,0.86
-0.14,0.12
0.03,0.25
0.21,0.42
0.04,0.5
-0.13,0.92
0.1,0.8
-0.36,0.53
-0.23,0.31
-0.18,0.34
-0.16,0.26
-0.1,0.7
0.35,0.39
-0.12,0.5
-0.07,0.83
-0.1,0.94
-0.24,0.67
-0.28,0.7
0.12,0.47
-0.19,0.78
0.17,0.47
0.05,0.45
0.33,0.64
-0.36,0.17
-0.04,0.5
-0.08,0.5
-0.05,0.45
-0.18,0.53
0.05,0.8
-0.22,0.47
-0.01,0.34
-0.23,0.78
-0.37,0.34
-0.05,0.92
0.07,0.45
0.4,0.48
0.2,0.8
-0.18,0.5
-0.43,0.72
-0.05,0.58
-0.22,0.06
0.21,0.83
-0.19,0.37
-0.05,0.56
0.3,0.53
0.46,0.86
0.07,0.67
-0.02,0.69
-0.09,0.83
0.07,0.78
-0.09,0.64
-0.23,0.28
0.04,0.42
-0.22,0.61
0.49,0.42
0.1,0.67
0.1,0.78
-0.16,0.2
-0.14,1
-0.29,1
-0.16,0.45
0.24,0.89
-0.22,0.72
-0.61,0.89
-0.39,0.61
-0.06,0.42
0.21,0.78
-0.08,0.64
-0.1,0.47
0.02,0.39
0.17,0.72
0.07,0.53
-0.27,0.64
0.21,0.69
-0.31,0.72
8.16E-04,0.8
0.23,0.26
-0.04,0.97
-0.18,0.5
-0.28,0.69
0.05,0.64
0.17,0.56
-0.46,0.72
-0.09,0.72
0.16,0.5
-0.23,0.31
0.24,-0.46
-0.51,-2.92
-1.94,2.96
-3.73,79.51
-3.05,217.61
-4.36,524.46
-13.53,804.86
2.01,940.84
-1.11,973.44
2.03,910.23
0.76,752.02
-12.89,584.18
-18.8,504.75
-35.78,511.05
-52.41,741.1
-38.74,824.4
-16.98,795.44
26.69,779.31
65.89,839.91
63.36,907.22
63.12,972
47.43,979.09
42.39,947.31
54.1,920.87
61.73,906.94
74.79,892.32
100.39,891.23
148.69,894.26
151.89,920.49
179.21,940.75
224.62,940.97
259.76,948.07
339.11,949.55
429.41,1049.08
608.51,1230.72
872.59,1372.77
1083.27,1517.61
1343.22,1664
1552.81,1819.21
1871.41,1843.99
2111.46,1745.41
2206.13,1460.05
2492.43,1155.53
2416.6,1572.9
2094.54,1776.3
1926.16,1944.3
1653.11,3116.17
1399.09,3619.43
1058.98,3013.15
889.14,2123.35
824.56,1632.02
807.42,1315.09
798,1300.89
793.72,999.64
788,961.81
727.33,1353.65
667.96,1418.7
662.81,1402.76
644.15,1268.9
619.28,1156.08
543.57,1183.87
503.51,1288.24
464.37,1399.1
420.9,1688.74
396.26,1739.37
362.91,1564.58
340.83,1390.68
329.07,1190.75
327.91,1126.73
311.25,1094.47
290.64,1086.35
262.24,1075.39
250.54,1064.6
234.53,1068.42
234.63,1067.35
227,1065.91
222.73,1050.22
208.79,1017.95
197.99,980.85
196.79,974.51
191.2,981.2
196.11,1002.19
219.65,994.04
239.06,984.93
247.77,965.86
250.57,952.27
249.67,955.53
252.93,946.29
271.1,944.35
289.38,938.24
315.94,938.02
336.69,941.88
358.55,946.47
390.37,959.23
433.4,955.83
467.92,948.66
505.57,945.07
523.82,939.11
541.71,939.85
557.45,934.24
572.72,939.34
598.21,931.42
619.27,925.32
636.09,913.82
654.82,913.21
669.96,914.16
663.18,909.88
661.02,910.28
661.74,909.23
657.67,900.71
660.41,900.84
664.58,897.88
670.14,899.93
669.7,902.51
654.6,900.77
644.13,903.22
627.34,900.97
612.93,899.16
603.14,897.61
599.71,899.88
587.61,901.04
577.49,901.33
556.6,900.33
538.83,900.32
523.1,901.17
518.41,901.69
514.94,902.62
511.87,900.31
505.07,900.55
496.9,900.91
491.36,904.6
488,904.14
485.2,905.46
481.86,904.54
480.17,902.19
477.95,899.81
477.34,899.99
474.25,901.32
471.98,901.82
466.63,902.19
462.22,901.39
456.8,899.43
453.14,900.46
446.82,899.54
439.33,900.07
429.47,898
421.15,896.01
411.63,894.87
403.74,891.37
395.67,890.12
386.19,888.8
376.15,887.37
368.3,886.4
357.9,884.63
350.07,880.2
341.99,877.67
333.22,873.27
326.17,870.52
318.82,867.15
313.26,864.03
306.03,859.4
299.51,855.31
292.7,852.37
287.8,847.14
281.97,844.12
276.74,837.08
271.46,831.01
264.81,824.86
259.72,817.7
254.78,812.7
250.59,808.7
247.3,805.6
242.52,802.53
238.88,797.79
234.8,793.53
232.32,786.75
228.81,782.5
225.88,774.46
223.31,768.89
219.65,762.58
216.08,755.75
213.18,748.65
211.25,741.74
208.63,733.71
206.84,725.61
204.02,718.56
201.31,711.28
199.26,703.3
196.52,694.79
194.65,686.28
192.74,679.47
191.12,672.36
189.14,665.95
188.57,658.98
185.85,652.47
184.2,646.38
183.79,640.1
181.66,632.58
180.48,624.67
178.5,618.31
176.43,612.02
174.92,607.55
172.92,601.4
171.56,596.54
169.67,592.56
167.98,586.33
167.2,580.84
165.58,575.82
164.1,569.97
162.38,566.13
161.06,560.71
158.9,557.48
158.32,554.57
157.09,550.67
156.1,547.21
154.94,544.86
153.71,541.45
151.98,539.15
150.39,536.29
149.02,534.59
147.21,533.19
146.03,531.65
144.12,530.82
142.34,530.1
140.32,529.42
138.85,528.68
137.29,527.99
135.9,527.42
134.5,527.44
132.21,528.07
130.77,528.07
129.01,528.57
127.41,529.58
126.74,529.64
124.94,530.46
123.39,531.28
121.77,531.91
120.08,532.82
118.85,535.1
117.12,537.85
115.09,540.38
113.51,542.39
112.72,543.57
110.91,544.79
110.43,546.71
108.15,547.4
106.62,549.82
105.35,551.36
103.7,552.46
103.24,553.26
102.13,553.75
101.19,552.99
100.73,552.69
99.95,552.53
98.72,552.92
98.36,552.51
97.54,552.07
97.38,550.53
96.7,549.73
95.74,547.58
95.82,547.2
95.18,546.78
94.5,545.81
94.55,544.96
94.35,543.94
94.09,542.43
94.36,541.44
94.31,541.06
94.23,541.08
94.14,539.92
94.96,539.92
94.98,539.34
95.17,539.12
96.13,537.75
97.2,537.88
97.3,536.62
98.45,536.34
98.46,536.42
99.77,535.96
100.15,534.42
100.97,534.42
102.43,533.07
103.09,532.44
104.28,531.32
105.4,529.83
106.9,528.05
107.56,526.65
108.93,524.68
110.29,522.65
112.04,520.65
113.1,519.03
114.93,517.55
116.23,514.17
117.85,513.1
119.11,510.38
120.98,507.97
122.54,504.9
124.31,502.13
125.62,499.85
127.28,497.13
128.61,494.53
131.9,491.95
134.35,489.34
136.74,486.52
137.5,484.79
138.3,482.59
139.06,480.24
140.25,477.63
140.76,475.05
142.89,472.06
145.28,469.16
146.31,466.25
149.27,462.92
152.71,460.68
154.65,459.04
156.35,457.3
157.3,454.64
158,571.39
148.84,686.2
155.11,775.9
163.48,737.87
173.92,669.71
180.47,606.54
180.9,560.49
175.02,542.81
174.48,511.07
174.38,519.79
180.04,496.71
192.83,456.83
210.8,439.07
216.96,422.5
218.22,418.27
214.47,433.21
203.29,425.25
192.6,414.96
196.03,405.05
202.91,393.84
211.92,388.4
220.31,389.68
229.58,390.87
233.43,426.47
234.13,486.28
239.94,540.77
247.48,556.14
253.86,544.74
270.31,493.22
279.19,480.45
278.98,486.52
278.24,519.99
278.31,547.77
279.25,501.98
286.8,455
293.56,414.19
305.5,392.85
309.14,369.75
301.59,368.57
297.24,372.91
294.72,372.06
295.06,374.61
297.3,373.34
301.5,376.61
310.62,400.66
313.04,429.97
310.3,452.14
311.62,456.35
312.35,454.8
317.84,448.3
323.3,443.47
325.99,436.2
328.05,425.88
329.64,414.78
330.64,394.49
330.71,377.71
329.98,362.87
326.34,354.34
324.17,351.23
321.36,354
321.22,353.4
321.45,358.27
320.11,360.16
318.35,363
319.27,372.19
321.66,382.59
322.68,389.2
325.37,394.19
327.72,393.37
332.61,385.7
337.75,375.73
342.27,366.24
344.17,358.73
344.95,354.47
345.06,352.89
345.56,346.88
346.36,343.56
347.71,340.31
347.85,335.76
348.61,334.05
348.65,332
349.1,336.1
349.66,341.78
350.92,348.73
352.11,353.02
355.01,355.61
358.06,353.51
362.62,350.73
365.58,344.92
368.5,340.42
370.87,337.15
372,335.78
373.32,333.09
373.03,332.68
373.94,331.47
373.6,331.37
373.44,330.71
373.47,328.25
373.57,326.91
372.65,327.41
371.94,329.57
370.51,331.49
371.71,334.84
372.38,336.53
373.57,336.92
374.78,334.29
375.65,330.3
376.55,326.05
377.01,322.61
376.75,320.14
375.97,319.23
375.65,317.87
374.06,317.51
373.87,316.11
371.68,315.12
371.48,313.28
370.06,311.74
368.17,311.58
367.13,312.38
365.51,314.03
364.64,315.41
364.04,315.82
363.95,314.97
363.27,312.99
363.6,310.65
362.96,308.18
362.91,306.94
362.4,305.05
362.06,304.39
361.84,303.51
361.5,302.66
360.61,302.74
360.6,302.19
360.37,301.95
360.61,301.18
359.78,301.81
360.58,302.45
360.83,302.72
361.44,302.91
361.7,303.33
362.54,303.41
362.66,303.06
363.04,302.72
362.88,301.71
363.11,301.35
364.11,301.24
364.19,300.8
364.64,300.58
364.31,300.89
365.26,301.19
365.94,300.94
366.96,301.49
367.08,301.74
367.94,302.49
368.58,302.82
368.99,303.48
369.25,303.76
369.6,304.23
369.15,304.39
368.67,304.7
368.15,304.76
367.64,304.38
366.33,304.16
364.97,304.1
363.66,303.86
362.56,303.01
361.85,298.91
361.12,301.96
360.01,303.25
358.48,304.53
355.97,303.93
354.6,304.95
353.32,305.47
352.35,303.74
351.31,303.5
348.62,303.14
347.19,300.65
346.32,299.55
345.5,298.97
343.75,299.74
341.52,299.38
339.65,299.39
338.46,299.52
338.59,300.21
337.11,300.92
336.33,300.32
334.38,300.54
333.33,300.99
333.5,301.79
332.67,301.04
331.87,300
330.3,300.74
329.42,300.83
329.48,300.33
328.18,298.96
327.91,298.41
327.87,297.5
327.63,297.03
326.96,296.35
326.85,295.41
326.41,293.96
326.74,293.66
326.63,292.86
326.52,292.48
326.85,292.06
327.14,292.51
328.5,292.64
329.7,292.91
330.68,293.3
330.84,294.34
331.89,295.16
333.37,294.81
334.79,294.94
337.02,295.27
338.84,295.05
341.2,294.72
343.42,294.72
345.19,295
348.31,294.86
350.87,293.87
352.61,293.43
353.94,292.88
356.07,291.92
356.98,290.87
358.19,290.41
359.68,289.14
361.23,288.05
362.41,286.92
363.68,285.55
364.51,284.7
364.77,283.15
364.53,281.83
364.35,280.68
363.95,279.28
363.75,278.21
363.22,276.7
362.3,276.01
361.83,274.94
361.02,274.36
359.96,273.51
359.33,272.77
357.64,272.22
356.43,271.53
355.64,271.15
354.19,270.73
354.06,270.46
352.79,270.41
351.77,270.46
351.04,270.59
350.51,270.59
349.58,270.87
349.23,270.92
348.86,270.84
348.17,270.84
347.48,270.84
347.24,270.32
346.81,271.15
346.59,271.06
346.68,270.79
346.41,271.2
345.86,271.25
347.31,271.5
348.23,271.67
348.44,271.97
348.89,271.86
349,272.25
349.56,272.08
350.08,271.75
350.51,270.96
351.33,271.07
351.52,270.82
351.75,269.69
352.5,269.77
352.81,269.36
352.86,268.34
353.25,267.93
353.36,266.89
353.64,266.06
353.79,264.66
353.37,264.28
353.83,263.59
354.09,262.63
354.32,262.08
354.08,261.34
354.02,260.95
353.64,260.32
354.06,259.47
353.97,258.53
353.29,257.87
354.15,256.8
354.6,256.5
354,255.32
353.68,254.85
353.27,253.69
353.3,252.51
352.92,252.29
352.44,251.16
352.58,250.12
351.98,248.96
351.93,248.16
351.03,246.68
350.77,245.47
350.37,244.97
349.71,243.63
350.1,242.72
349.33,241.56
348.67,240.46
348.45,239.83
347.53,238.48
347.85,237.88
347.32,236.48
347.09,235.63
346.2,234.66
346.05,234.3
345.45,233.23
345.12,232.96
344.61,232.63
343.83,231.86
343.6,231.66
343.26,231.31
342.74,231.2
342.78,231.01
341.74,230.9
341.94,230.4
341.48,230.79
341.2,230.16
341.02,230.35
340.73,230.21
340.57,230.32
340.87,230.02
340.37,229.61
340.42,230.27
340.46,229.99
340.44,229.72
340.64,229.56
340.25,229.59
340.54,229.67
340.73,229.42
340.51,229.7
340.66,229.04
340.11,229.4
340.64,229.65
340.65,230.2
340.99,230.2
341.41,230.64
341.78,231.22
342.45,231.36
341.78,231.33
341.53,232.13
341.56,232.34
341.69,232.81
342.04,233.69
342.82,234.11
342.93,234.91
343.31,235.43
344.25,235.79
343.48,236.42
343.42,237
344.01,237.05
344.19,238.24
344.5,238.35
345.37,239.64
345.53,240.03
345.65,240.44
346.28,241.54
346.21,241.95
346.09,242.48
346.36,243.11
346.6,243.71
347.29,244.43
347.03,245.31
347.55,246.05
347.74,246.69
348.23,247.29
348.33,247.95
348,249.16
348.94,250.62
348.99,251.91
350.05,252.49
350.68,253.65
351,255.1
351.62,255.74
351.99,257.53
352.81,258.33
353.42,260.11
354.05,261.21
355.62,262.84
356.35,263.58
357.05,265.37
358.25,266.39
359.27,267.71
361.12,268.76
362.26,269.86
363.84,271.37
364.82,272.34
365.63,273.66
366.21,275.55
367.75,276.02
368.24,277.84
370.13,279.33
371.1,280.48
372.79,281.14
374.47,282.57
376.03,283.76
377.2,285.32
379.08,286.43
379.78,287.47
381.42,288.46
382.8,289.81
384.09,290.58
385.17,291.79
386.47,293.25
387.6,293.79
388.86,295.39
390.23,296.16
391.52,297.26
393.37,297.87
394.09,298.85
394.6,300.2
396.14,301.11
397.01,302.07
397.94,303.5
398.78,304.27
400.1,305.21
401.53,306.39
402.79,307.82
403.87,309.43
405.09,310.78
405.93,312.02
406.92,313.89
408.78,314.61
410,316.64
411.19,318.45
412.92,319.64
413.96,322.39
415.74,323.9
416.98,325.41
418.43,325.74
419.37,328.35
420.74,330.33
422.52,331.6
423.55,333.19
425.27,334.46
425.88,335.78
427.45,337.4
428.78,338.17
430.16,339.9
431.29,340.37
432.17,341.69
433.23,342.46
434.37,343.53
434.48,344.68
435.34,345.26
436.38,345.34
437.26,345.95
438.09,346.49
438.3,346.58
439.15,347.43
439.82,347.43
439.91,346.85
441.12,347.45
441.04,347.59
441.36,347.23
441.75,347.01
442.23,346.59
442.37,346.1
442.99,346.2
443.69,346.31
444.25,345.15
444.15,345.07
444.89,345.04
445.54,344.46
446.45,344.76
446.45,344.71
447.45,345.01
448.01,345.66
448.51,345.77
449.19,346.81
449.79,347.42
450.89,348.6
451.58,349.92
452.15,350.88
453.57,352.67
454.32,353.9
454.39,355.5
455.44,357.75
456.44,359.67
456.86,361.05
458.07,363.88
458.74,366.65
459.17,372.53
459.88,377.11
460.85,381.15
461.49,382.91
462.05,385.76
463.39,388.72
463.32,392.62
463.79,395.45
464.91,398.89
465.07,402.56
465.99,404.89
466.82,407.59
467.15,410.19
468.14,412.8
468.19,414.59
469.01,415.82
469.21,416.34
469.59,416.92
470.01,416.75
470.21,416.83
471.08,416.92
470.79,417.08
470.37,417.49
470.17,417.6
470.43,417.15
470.26,417.4
470.09,416.43
469.21,415.79
469.4,415.32
468.59,415.71
467.77,414.41
467.32,414.51
466.81,414.21
466.29,413.54
465.78,412.55
464.78,411.66
463.67,411.33
462.94,410.48
462.19,409.62
461.26,408.87
460.4,407.79
459.49,407.6
458.6,407.43
457.75,406.6
456.74,406.68
455.54,406.01
454.94,405.98
454.48,405.26
453.45,405.45
451.96,404.34
451.48,404.44
450.81,404.3
450.57,403.86
449.71,404.02
448.37,403.62
448.38,403.65
447.27,403.7
446.87,402.75
446.34,403.05
446.48,403.13
445.69,403.15
445.66,402.87
444.85,402.73
445,403.66
444.46,403.18
443.93,403.45
443.9,403.56
444,403.3
443.33,403.52
443.23,403.57
443.04,403.7
442.57,403.09
442.36,402.7
441.9,402.89
441.14,403.08
440.47,402.42
440.34,402.66
438.91,402.08
439.26,401.97
437.86,401.5
436.98,401.28
436.62,400.92
435.05,400.69
434.1,399.92
432.85,399.92
432.19,399.56
430.58,399.2
429.75,398.73
428.51,398.21
426.86,397.96
426.02,397.33
424.84,397.08
423.44,396.69
422.1,396.39
420.63,396.11
419.39,395.87
418.23,395.86
416.7,395.04
415.31,395.15
414.21,395.17
412.92,394.79
411.76,394.95
410.04,394.65
408.9,394.1
408.21,393.82
406.67,393.65
405.36,393.85
404.16,393.9
403.56,393.62
402.2,393.59
401.74,393.87
400.53,393.84
399.73,393.07
399.52,393.62
398.24,393.34
397.83,393.17
397.14,393.04
396.89,393.03
395.84,392.79
395.71,393.09
395.15,392.81
395.4,393.09
395.14,392.59
394.65,392.26
395.06,392.04
395.41,392.28
395.11,392.29
395.07,391.82
394.97,391.51
395.34,391.65
395.67,391.24
395.73,391.16
396.36,391.26
395.81,390.63
396.2,390.35
396.37,390.19
396.39,389.44
397.05,389.86
396.71,389.94
396.67,389.72
395.97,389.38
396.35,389.63
395.76,390.04
395.43,390.37
395.29,390.53
394.92,390.26
394.09,390.72
394.06,391.73
393.92,392.06
393.61,392.03
392.76,392.72
392.32,393.13
392.18,394.06
391.28,394.69
390.81,394.99
389.86,395.61
389.76,396.85
388.88,396.95
388.42,397.8
388.15,398.02
387.67,398.7
386.72,399.03
386.16,399.63
385.59,400.26
384.81,400.99
384.04,401.13
382.92,401.45
382.7,402.14
381.81,402.63
381.15,403.89
380.17,404.13
379.09,404.35
378.83,404.43
377.77,404.84
377.34,405.22
376.6,405.96
375.61,406.2
374.59,406.44
373.14,406.33
372.47,407.43
371.04,407.45
370.23,407.67
369.35,408.27
368.21,408.74
366.87,409.39
366.23,409.69
364.63,409.85
363.58,410.48
362.51,410.43
361.83,411.22
360.8,411.38
359.54,411.68
359.77,411.6
358.93,412.48
357.58,412.75
357.32,413.35
356.94,413.43
356.75,413.79
356.08,414.42
356.35,414.88
356.32,415.43
356.22,415.82
355.86,416.37
356.1,417
356.22,417.3
355.94,417.8
356.15,418.73
356.78,419.17
356.56,419.88
356.78,420.24
356.64,420.43
356.28,421.55
355.94,421.44
356.2,423.06
355.8,423.15
355.66,424.03
355.05,424.79
355.37,425.15
354.86,425.84
354.34,426.61
353.64,426.96
353.21,428
353.59,428.69
352.93,429.38
352.05,430.09
351.66,430.56
351.27,431.55
350.65,431.38
350.31,432.75
349.15,433.44
348.7,434.12
348.06,434.54
347.28,435.39
346.94,435.69
345.96,436.73
345.46,437.2
344.58,437.86
343.91,438.46
343.6,439.01
343.21,439.94
342.09,440.33
341.86,441.48
341.29,441.48
340.57,442.69
340.43,443.32
339.83,444.09
339.85,444.72
338.88,445.6
339.48,446.12
338.8,446.97
339.03,448.37
339.18,448.76
338.85,449.69
339.25,450.27
339.49,451.45
339.33,451.97
339.3,452.6
339.6,452.87
339.95,453.53
340.25,455.24
340.38,455.59
340.53,456.39
340.87,456.6
341.27,456.88
341.61,457.92
342.21,458.97
342.36,459.21
342.53,459.65
342.73,460.17
343.52,460.42
343.61,460.99
344.13,461.79
344.25,462.37
345.1,462.91
345.49,463.27
345.72,464.12
346.18,464.37
346.18,464.94
346.55,465.13
346.25,465.46
346.71,466.39
347.19,466.03
346.88,466.53
347.42,467.02
347.81,467.43
347.8,467.62
347.96,467.95
348.49,468.19
348.27,468.3
348.8,468.22
348.77,468.22
348.89,468.35
349.31,468.33
349.08,468.46
349.24,468.1
348.83,468.38
348.78,467.85
348.68,468.01
348.68,467.82
348.38,468.35
348.2,467.69
347.88,467.49
347.21,467.43
347.39,467.3
346.73,467.02
345.86,467.18
345.07,467.02
345.09,466.83
344.21,466.61
343.28,467.05
342.57,467.21
341.82,467.57
341.4,467.1
341.14,466.74
339.57,467.18
338.77,467.93
338.09,467.46
337.19,468.09
336.47,468.04
335.38,467.84
334.4,468.15
333.95,468.2
332.52,468.37
331.7,468.89
331.07,468.86
329.87,469.25
329.42,469.58
328.31,469.47
327.6,469.8
326.62,470.29
325.93,470.48
325.76,470.65
324.84,471.86
323.99,471.23
323.16,471.15
322.51,471.83
321.68,472.16
320.91,472.49
320.22,472.8
319.51,473.16
318.7,473.43
317.54,474.09
316.94,474.67
316.33,474.67
315.92,475.16
315.21,475.46
314.04,475.87
313.51,475.98
312.94,477.28
311.89,477.99
311.5,478.54
311,478.68
310.3,479.03
309.42,479.99
308.93,480.68
308.11,481.2
308.03,482
306.72,482.47
306.2,482.77
305.33,483.59
305.34,483.67
303.99,485.3
303.18,485.49
302.68,486.37
301.79,487.22
300.91,488.02
300.03,488.95
299.32,489.55
298.56,490.46
298.17,491.06
296.99,492.16
295.92,493.04
295.16,493.84
294.76,494.72
293.43,495.49
292.32,496.78
292.37,497.42
291.13,498.4
289.92,499.25
289.47,499.67
288.71,501.07
288.46,501.81
287.74,502.64
286.32,503.38
285.58,504.53
285.07,505.25
284.08,505.99
283.84,507.47
283.04,507.78
282.23,508.88
282,509.26
281.62,510.22
280.91,511.43
280.17,512.12
279.74,512.97
278.7,513.33
277.63,513.49
277.05,514.76
276.49,515.28
275.54,515.72
275.08,516.52
274.33,517.59
273.3,517.62
272.45,518.99
271.57,519.74
270.67,520.53
270.06,521.63
268.87,522.54
267.81,523.34
267.02,525.04
266.15,526
264.76,527.32
263.98,528.47
263.02,529.38
261.72,531.03
260.39,532.76
259.71,533.23
258.12,534.68
257.54,536.39
256.73,538.31
255.71,538.83
254.34,540.15
253.77,541.47
252.72,542.9
251.36,543.56
250.58,544.66
250.17,545.81
248.44,546.69
247.95,548.04
246.91,548.84
246.11,549.8
245.19,550.73
244.3,551.61
243.19,552.79
242.67,553.37
241.57,553.97
240.7,10.04
